-- MariaDB dump 10.19  Distrib 10.4.32-MariaDB, for Win64 (AMD64)
--
-- Host: 127.0.0.1    Database: upnetzero
-- ------------------------------------------------------
-- Server version	10.4.32-MariaDB
/*!40103 SET @OLD_TIME_ZONE=@@TIME_ZONE */;
/*!40103 SET TIME_ZONE='+00:00' */;
/*!40014 SET @OLD_UNIQUE_CHECKS=@@UNIQUE_CHECKS, UNIQUE_CHECKS=0 */;
/*!40014 SET @OLD_FOREIGN_KEY_CHECKS=@@FOREIGN_KEY_CHECKS, FOREIGN_KEY_CHECKS=0 */;
/*!40101 SET @OLD_SQL_MODE=@@SQL_MODE, SQL_MODE='NO_AUTO_VALUE_ON_ZERO' */;
/*!40111 SET @OLD_SQL_NOTES=@@SQL_NOTES, SQL_NOTES=0 */;

--
-- Current Database: `upnetzero`
--

/*!40000 DROP DATABASE IF EXISTS `upnetzero`*/;

CREATE DATABASE /*!32312 IF NOT EXISTS*/ `upnetzero` /*!40100 DEFAULT CHARACTER SET utf8mb4 COLLATE utf8mb4_general_ci */;

USE `upnetzero`;

--
-- Table structure for table `admin_g`
--

DROP TABLE IF EXISTS `admin_g`;
/*!40101 SET @saved_cs_client     = @@character_set_client */;
/*!40101 SET character_set_client = utf8 */;
CREATE TABLE `admin_g` (
  `id` int(11) NOT NULL AUTO_INCREMENT,
  `scope` int(11) DEFAULT NULL,
  `name_tiem` varchar(255) NOT NULL,
  `order_num` int(11) DEFAULT 0,
  PRIMARY KEY (`id`),
  UNIQUE KEY `name_tiem` (`name_tiem`)
) ENGINE=InnoDB AUTO_INCREMENT=19 DEFAULT CHARSET=utf8mb4 COLLATE=utf8mb4_general_ci;
/*!40101 SET character_set_client = @saved_cs_client */;

--
-- Dumping data for table `admin_g`
--

LOCK TABLES `admin_g` WRITE;
/*!40000 ALTER TABLE `admin_g` DISABLE KEYS */;
INSERT INTO `admin_g` VALUES (1,1,'การเผ่าไหม้อยู่กับที่(Stationary Combustion)',1),(2,1,'การเผาไหม้ที่มีการเคลื่อนที่ On Road (Mobile Combustion : On Road)',2),(3,1,'การเผาไหม้ที่มีการเคลื่อนที่ Off Road (Mobile Combustion : Off Road)',4),(4,2,'การใช้ไฟฟ้า (Electricity)',1),(5,3,'การซื้อวัตถุดิบและบริการ (Purchased Goods and Services)',1),(6,3,'ของเสียจากการดำเนินงาน (Waste Generated in Operations)',2);
/*!40000 ALTER TABLE `admin_g` ENABLE KEYS */;
UNLOCK TABLES;

--
-- Table structure for table `admin_item`
--

DROP TABLE IF EXISTS `admin_item`;
/*!40101 SET @saved_cs_client     = @@character_set_client */;
/*!40101 SET character_set_client = utf8 */;
CREATE TABLE `admin_item` (
  `id` int(11) NOT NULL AUTO_INCREMENT,
  `year_id` int(11) NOT NULL,
  `scope` int(11) DEFAULT NULL,
  `name_tiem` varchar(255) NOT NULL,
  `unit` varchar(255) DEFAULT NULL,
  `AD` float DEFAULT NULL,
  `data_source` varchar(20) NOT NULL DEFAULT 'officer',
  `created_at` timestamp NULL DEFAULT current_timestamp(),
  PRIMARY KEY (`id`),
  UNIQUE KEY `uq_scope_name` (`year_id`,`scope`,`name_tiem`),
  KEY `idx_year_scope` (`year_id`,`scope`),
  KEY `fk_admin_g_id` (`scope`),
  CONSTRAINT `fk_admin_g_id` FOREIGN KEY (`scope`) REFERENCES `admin_g` (`id`),
  CONSTRAINT `fk_admin_item_year` FOREIGN KEY (`year_id`) REFERENCES `admin_year` (`id`) ON DELETE CASCADE
) ENGINE=InnoDB AUTO_INCREMENT=76 DEFAULT CHARSET=utf8mb4 COLLATE=utf8mb4_general_ci;
/*!40101 SET character_set_client = @saved_cs_client */;

--
-- Dumping data for table `admin_item`
--

LOCK TABLES `admin_item` WRITE;
/*!40000 ALTER TABLE `admin_item` DISABLE KEYS */;
INSERT INTO `admin_item` (`id`,`year_id`,`scope`,`name_tiem`,`unit`,`AD`,`created_at`) VALUES (13,14,1,'1','1',1,'2026-03-31 15:11:33'),(14,14,2,'1','1',1,'2026-03-31 15:11:40'),(15,14,3,'1','1',1,'2026-03-31 15:11:45'),(16,14,4,'2','2',2,'2026-03-31 15:11:49'),(17,14,5,'3','3',3,'2026-03-31 15:11:55'),(18,14,6,'3','3',3,'2026-03-31 15:12:01'),(19,15,1,'11','11',11,'2026-03-31 15:13:47'),(20,15,2,'11','11',11,'2026-03-31 15:13:55'),(21,15,3,'11','11',11,'2026-03-31 15:14:00'),(22,15,4,'22','22',22,'2026-03-31 15:14:05'),(23,15,5,'33','33',33,'2026-03-31 15:14:11'),(24,15,6,'33','33',33,'2026-03-31 15:14:16'),(31,15,1,'123','123',123,'2026-04-21 05:28:29'),(32,25,1,'ดีเซล (Diesel)','L',2.7078,'2026-06-29 19:05:55'),(33,25,1,'แก๊สโซฮอล์ E10 (Gasohol 91/95)','L',1.9714,'2026-06-29 19:05:55'),(34,25,1,'เบนซิน (Gasoline)','kg',2.1894,'2026-06-29 19:05:55'),(35,25,1,'แอลพีจี (LPG)','L',3.1134,'2026-06-29 19:05:55'),(36,25,1,'ไบโอดีเซล (Biodiesel)','L',0.0102,'2026-06-29 19:05:55'),(37,25,1,'ก๊าซชีวภาพ (Biogas)','Nm3',0.0011,'2026-06-29 19:05:55'),(38,25,1,'น้ำมันเตาเกรด A (Fuel oil A)','L',3.22,'2026-06-29 19:05:55'),(39,25,1,'น้ำมันเตาเกรด C (Fuel oil C)','L',3.2457,'2026-06-29 19:05:55'),(40,25,1,'ไม้ (Wood)','kg',0.0304,'2026-06-29 19:05:55'),(41,25,1,'ชานอ้อย (Bagasse)','kg',0.0143,'2026-06-29 19:05:55'),(42,25,1,'กะลาปาล์ม (Palm kernel shell)','kg',0.0352,'2026-06-29 19:05:55'),(43,25,1,'ซังข้าว/ซังข้าวโพด (Cob)','kg',0.0319,'2026-06-29 19:05:55'),(44,25,2,'ดีเซล (Diesel)','L',2.7406,'2026-06-29 19:05:55'),(45,25,2,'แก๊สโซฮอล์ E10 (Gasohol 91/95)','L',2.0108,'2026-06-29 19:05:55'),(46,25,2,'แก๊สโซฮอล์ E20 (Gasohol: E20)','L',1.789,'2026-06-29 19:05:55'),(47,25,2,'แก๊สโซฮอล์ E85 (Gasohol: E85)','L',0.3468,'2026-06-29 19:05:55'),(48,25,2,'เบนซิน (Gasoline)','L',2.2327,'2026-06-29 19:05:55'),(49,25,2,'ก๊าซธรรมชาติ (NGV)','kg',2.2609,'2026-06-29 19:05:55'),(50,25,2,'ไบโอดีเซล (Biodiesel)','L',0.0265,'2026-06-29 19:05:55'),(51,25,2,'เอทานอล (Ethanol)','L',0.014,'2026-06-29 19:05:55'),(52,25,2,'ก๊าซชีวภาพ (Biogas)','kg',0.0084,'2026-06-29 19:05:55'),(53,25,3,'ดีเซล (Diesel)','L',2.9793,'2026-06-29 19:05:55'),(54,25,3,'แก๊สโซฮอล์ E10 (Gasohol 91/95)','L',2.3116,'2026-06-29 19:05:55'),(55,25,3,'แอลพีจี (LPG)','kg',3.1134,'2026-06-29 19:05:55'),(56,25,3,'ไบโอดีเซล (Biodiesel)','L',0.0265,'2026-06-29 19:05:55'),(57,25,4,'ไฟฟ้าที่ซื้อจากระบบสายส่ง (MEA/PEA)','kWh',0.4999,'2026-06-29 19:05:55'),(58,25,4,'ไฟฟ้าจากโซลาร์เซลล์ที่องค์กรผลิตเอง','kWh',0,'2026-06-29 19:05:55'),(59,25,4,'ไฟฟ้าจากโซลาร์เซลล์ที่ซื้อมาจากหน่วยงานภายนอก','kWh',0,'2026-06-29 19:05:55'),(60,25,4,'ไฟฟ้าจากพลังงานลม (Wind) ที่องค์กรผลิตเอง','kWh',0,'2026-06-29 19:05:55'),(61,25,4,'ไฟฟ้าจากพลังงานลม (Wind) ที่ซื้อมาจากหน่วยงานภายนอก','kWh',0,'2026-06-29 19:05:55'),(62,25,5,'กระดาษพิมพ์เขียนแบบไม่เคลือบผิว','แผ่น',0.0105,'2026-06-29 19:05:55'),(63,25,5,'กระดาษพิมพ์เขียนแบบเคลือบผิว','แผ่น',0.0108,'2026-06-29 19:05:55'),(64,25,5,'น้ำจากการประปานครหลวง','m3',0.7948,'2026-06-29 19:05:55'),(65,25,5,'น้ำจากการประปาจากภูมิภาค','m3',0.541,'2026-06-29 19:05:55'),(66,25,5,'อุปกรณ์สำนักงาน','บาท',0.0024,'2026-06-29 19:05:55'),(67,25,5,'เฟอร์นิเจอร์สำนักงาน (ยกเว้นเฟอร์นิเจอร์ที่ทำจากไม้)','บาท',0.0088,'2026-06-29 19:05:55'),(68,25,5,'คอมพิวเตอร์','บาท',0.0024,'2026-06-29 19:05:55'),(69,25,6,'กระดาษพิมพ์เขียนแบบไม่เคลือบผิว','แผ่น',0.0105,'2026-06-29 19:05:55'),(70,25,6,'กระดาษพิมพ์เขียนแบบเคลือบผิว','แผ่น',0.0108,'2026-06-29 19:05:55'),(71,25,6,'น้ำจากการประปานครหลวง','m3',0.7948,'2026-06-29 19:05:55'),(72,25,6,'น้ำจากการประปาจากภูมิภาค','m3',0.541,'2026-06-29 19:05:55'),(73,25,6,'อุปกรณ์สำนักงาน','บาท',0.0024,'2026-06-29 19:05:55'),(74,25,6,'เฟอร์นิเจอร์สำนักงาน (ยกเว้นเฟอร์นิเจอร์ที่ทำจากไม้)','บาท',0.0088,'2026-06-29 19:05:55'),(75,25,6,'คอมพิวเตอร์','บาท',0.0024,'2026-06-29 19:05:55');
/*!40000 ALTER TABLE `admin_item` ENABLE KEYS */;
UNLOCK TABLES;

--
-- Table structure for table `admin_year`
--

DROP TABLE IF EXISTS `admin_year`;
/*!40101 SET @saved_cs_client     = @@character_set_client */;
/*!40101 SET character_set_client = utf8 */;
CREATE TABLE `admin_year` (
  `id` int(11) NOT NULL AUTO_INCREMENT,
  `year` int(11) NOT NULL,
  `created_at` timestamp NULL DEFAULT current_timestamp(),
  PRIMARY KEY (`id`),
  UNIQUE KEY `uniq_year` (`year`)
) ENGINE=InnoDB AUTO_INCREMENT=26 DEFAULT CHARSET=utf8mb4 COLLATE=utf8mb4_general_ci;
/*!40101 SET character_set_client = @saved_cs_client */;

--
-- Dumping data for table `admin_year`
--

LOCK TABLES `admin_year` WRITE;
/*!40000 ALTER TABLE `admin_year` DISABLE KEYS */;
INSERT INTO `admin_year` VALUES (14,2567,'2026-03-31 15:08:05'),(15,2568,'2026-03-31 15:12:09'),(25,2569,'2026-04-10 04:56:04');
/*!40000 ALTER TABLE `admin_year` ENABLE KEYS */;
UNLOCK TABLES;

--
-- Table structure for table `affiliation_id`
--

DROP TABLE IF EXISTS `affiliation_id`;
/*!40101 SET @saved_cs_client     = @@character_set_client */;
/*!40101 SET character_set_client = utf8 */;
CREATE TABLE `affiliation_id` (
  `id` int(11) NOT NULL AUTO_INCREMENT,
  `affiliation_item` varchar(255) NOT NULL,
  PRIMARY KEY (`id`)
) ENGINE=InnoDB AUTO_INCREMENT=20 DEFAULT CHARSET=utf8mb4 COLLATE=utf8mb4_general_ci;
/*!40101 SET character_set_client = @saved_cs_client */;

--
-- Dumping data for table `affiliation_id`
--

LOCK TABLES `affiliation_id` WRITE;
/*!40000 ALTER TABLE `affiliation_id` DISABLE KEYS */;
INSERT INTO `affiliation_id` VALUES (1,'ศูนย์สิ่งแวดล้อม'),(2,'คณะเทคโนโลยีสารสนเทศและการสื่อสาร'),(3,'คณะเกษตรศาสตร์และทรัพยากรธรรมชาติ'),(4,'คณะนิติศาสตร์'),(5,'คณะพลังงานและสิ่งแวดล้อม'),(6,'คณะพยาบาลศาสตร์'),(7,'คณะวิศวกรรมศาสตร์'),(8,'คณะสาธารณสุขศาสตร์'),(10,'คณะบริหารธุรกิจและนิเทศศาสตร์'),(11,'คณะแพทยศาสตร์'),(12,'คณะวิทยาศาสตร์'),(13,'คณะสถาปัตยกรรมศาสตร์และศิลปกรรมศาสตร์'),(14,'คณะศิลปศาสตร์'),(15,'คณะทันตแพทยศาสตร์'),(16,'คณะเภสัชศาสตร์'),(17,'คณะวิทยาศาสตร์การแพทย์'),(18,'คณะสหเวชศาสตร์'),(20,'คณะรัฐศาสตร์และสังคมศาสตร์');
/*!40000 ALTER TABLE `affiliation_id` ENABLE KEYS */;
UNLOCK TABLES;

--
-- Table structure for table `user_item`
--

DROP TABLE IF EXISTS `user_item`;
/*!40101 SET @saved_cs_client     = @@character_set_client */;
/*!40101 SET character_set_client = utf8 */;
CREATE TABLE `user_item` (
  `id` int(11) NOT NULL AUTO_INCREMENT,
  `admin_item_id` int(11) NOT NULL,
  `affiliation_id` int(11) NOT NULL,
  `year_id` int(11) NOT NULL,
  `Vol` decimal(13,4) DEFAULT 0.0000,
  `pdf_import` text DEFAULT NULL,
  `create_year` date NOT NULL,
  `source` varchar(20) NOT NULL DEFAULT 'officer',
  PRIMARY KEY (`id`),
  UNIQUE KEY `uniq_user_item_src` (`admin_item_id`,`affiliation_id`,`year_id`,`source`),
  KEY `idx_affiliation_year` (`affiliation_id`,`year_id`),
  KEY `fk_user_year` (`year_id`),
  CONSTRAINT `fk_user_admin_item` FOREIGN KEY (`admin_item_id`) REFERENCES `admin_item` (`id`) ON DELETE CASCADE,
  CONSTRAINT `fk_user_affiliation` FOREIGN KEY (`affiliation_id`) REFERENCES `affiliation_id` (`id`) ON UPDATE CASCADE,
  CONSTRAINT `fk_user_year` FOREIGN KEY (`year_id`) REFERENCES `admin_year` (`id`) ON DELETE CASCADE
) ENGINE=InnoDB AUTO_INCREMENT=1150 DEFAULT CHARSET=utf8mb4 COLLATE=utf8mb4_general_ci;
/*!40101 SET character_set_client = @saved_cs_client */;

--
-- Dumping data for table `user_item`
--

LOCK TABLES `user_item` WRITE;
/*!40000 ALTER TABLE `user_item` DISABLE KEYS */;
INSERT INTO `user_item` (`id`, `admin_item_id`, `affiliation_id`, `year_id`, `Vol`, `pdf_import`, `create_year`, `source`) VALUES (24,13,2,14,500.0000,'','2026-03-31','officer'),(25,14,2,14,247.0000,'','2026-03-31','officer'),(26,15,2,14,250.0000,'','2026-03-31','officer'),(27,16,2,14,500.0000,'','2026-03-31','officer'),(28,17,2,14,250.0000,'','2026-03-31','officer'),(29,18,2,14,250.0000,'','2026-03-31','officer'),(66,19,2,15,1000000.0000,NULL,'2026-04-16','officer'),(67,20,2,15,999999.1111,NULL,'2026-04-10','officer'),(68,21,2,15,1000000.0000,NULL,'2026-04-10','officer'),(69,22,2,15,0.0000,NULL,'0000-00-00','officer'),(70,23,2,15,0.0000,NULL,'0000-00-00','officer'),(71,24,2,15,0.0000,NULL,'0000-00-00','officer'),(101,19,13,15,123.0000,NULL,'2026-04-21','officer'),(102,31,13,15,123.0000,NULL,'2026-04-21','officer'),(103,20,13,15,0.0000,NULL,'0000-00-00','officer'),(104,21,13,15,0.0000,NULL,'0000-00-00','officer'),(105,22,13,15,0.0000,NULL,'0000-00-00','officer'),(106,23,13,15,0.0000,NULL,'0000-00-00','officer'),(107,24,13,15,0.0000,NULL,'0000-00-00','officer'),(118,19,1,15,1000.0000,NULL,'2026-04-25','officer'),(119,31,1,15,10000.0000,NULL,'2026-04-25','officer'),(120,20,1,15,0.0000,NULL,'0000-00-00','officer'),(121,21,1,15,0.0000,NULL,'0000-00-00','officer'),(122,22,1,15,0.0000,NULL,'0000-00-00','officer'),(123,23,1,15,0.0000,NULL,'0000-00-00','officer'),(124,24,1,15,0.0000,NULL,'0000-00-00','officer'),(127,32,1,25,28.3804,NULL,'2569-01-01','officer'),(128,32,2,25,32.0822,NULL,'2569-01-01','officer'),(129,32,3,25,35.7839,NULL,'2569-01-01','officer'),(130,32,4,25,39.4857,NULL,'2569-01-01','officer'),(131,32,5,25,43.1875,NULL,'2569-01-01','officer'),(132,32,6,25,24.6786,NULL,'2569-01-01','officer'),(133,32,7,25,28.3804,NULL,'2569-01-01','officer'),(134,32,8,25,32.0822,NULL,'2569-01-01','officer'),(135,32,10,25,39.4857,NULL,'2569-01-01','officer'),(136,32,11,25,43.1875,NULL,'2569-01-01','officer'),(137,32,12,25,24.6786,NULL,'2569-01-01','officer'),(138,32,13,25,28.3804,NULL,'2569-01-01','officer'),(139,32,14,25,32.0822,NULL,'2569-01-01','officer'),(140,32,15,25,35.7839,NULL,'2569-01-01','officer'),(141,32,16,25,39.4857,NULL,'2569-01-01','officer'),(142,32,17,25,43.1875,NULL,'2569-01-01','officer'),(143,32,18,25,24.6786,NULL,'2569-01-01','officer'),(145,33,1,25,28.3804,NULL,'2569-01-01','officer'),(146,33,2,25,32.0822,NULL,'2569-01-01','officer'),(147,33,3,25,35.7839,NULL,'2569-01-01','officer'),(148,33,4,25,39.4857,NULL,'2569-01-01','officer'),(149,33,5,25,43.1875,NULL,'2569-01-01','officer'),(150,33,6,25,24.6786,NULL,'2569-01-01','officer'),(151,33,7,25,28.3804,NULL,'2569-01-01','officer'),(152,33,8,25,32.0822,NULL,'2569-01-01','officer'),(153,33,10,25,39.4857,NULL,'2569-01-01','officer'),(154,33,11,25,43.1875,NULL,'2569-01-01','officer'),(155,33,12,25,24.6786,NULL,'2569-01-01','officer'),(156,33,13,25,28.3804,NULL,'2569-01-01','officer'),(157,33,14,25,32.0822,NULL,'2569-01-01','officer'),(158,33,15,25,35.7839,NULL,'2569-01-01','officer'),(159,33,16,25,39.4857,NULL,'2569-01-01','officer'),(160,33,17,25,43.1875,NULL,'2569-01-01','officer'),(161,33,18,25,24.6786,NULL,'2569-01-01','officer'),(163,34,1,25,11.3521,NULL,'2569-01-01','officer'),(164,34,2,25,12.8329,NULL,'2569-01-01','officer'),(165,34,3,25,14.3136,NULL,'2569-01-01','officer'),(166,34,4,25,15.7943,NULL,'2569-01-01','officer'),(167,34,5,25,17.2750,NULL,'2569-01-01','officer'),(168,34,6,25,9.8714,NULL,'2569-01-01','officer'),(169,34,7,25,11.3521,NULL,'2569-01-01','officer'),(170,34,8,25,12.8329,NULL,'2569-01-01','officer'),(171,34,10,25,15.7943,NULL,'2569-01-01','officer'),(172,34,11,25,17.2750,NULL,'2569-01-01','officer'),(173,34,12,25,9.8714,NULL,'2569-01-01','officer'),(174,34,13,25,11.3521,NULL,'2569-01-01','officer'),(175,34,14,25,12.8329,NULL,'2569-01-01','officer'),(176,34,15,25,14.3136,NULL,'2569-01-01','officer'),(177,34,16,25,15.7943,NULL,'2569-01-01','officer'),(178,34,17,25,17.2750,NULL,'2569-01-01','officer'),(179,34,18,25,9.8714,NULL,'2569-01-01','officer'),(181,35,1,25,28.3804,NULL,'2569-01-01','officer'),(182,35,2,25,32.0822,NULL,'2569-01-01','officer'),(183,35,3,25,35.7839,NULL,'2569-01-01','officer'),(184,35,4,25,39.4857,NULL,'2569-01-01','officer'),(185,35,5,25,43.1875,NULL,'2569-01-01','officer'),(186,35,6,25,24.6786,NULL,'2569-01-01','officer'),(187,35,7,25,28.3804,NULL,'2569-01-01','officer'),(188,35,8,25,32.0822,NULL,'2569-01-01','officer'),(189,35,10,25,39.4857,NULL,'2569-01-01','officer'),(190,35,11,25,43.1875,NULL,'2569-01-01','officer'),(191,35,12,25,24.6786,NULL,'2569-01-01','officer'),(192,35,13,25,28.3804,NULL,'2569-01-01','officer'),(193,35,14,25,32.0822,NULL,'2569-01-01','officer'),(194,35,15,25,35.7839,NULL,'2569-01-01','officer'),(195,35,16,25,39.4857,NULL,'2569-01-01','officer'),(196,35,17,25,43.1875,NULL,'2569-01-01','officer'),(197,35,18,25,24.6786,NULL,'2569-01-01','officer'),(199,36,1,25,28.3804,NULL,'2569-01-01','officer'),(200,36,2,25,32.0822,NULL,'2569-01-01','officer'),(201,36,3,25,35.7839,NULL,'2569-01-01','officer'),(202,36,4,25,39.4857,NULL,'2569-01-01','officer'),(203,36,5,25,43.1875,NULL,'2569-01-01','officer'),(204,36,6,25,24.6786,NULL,'2569-01-01','officer'),(205,36,7,25,28.3804,NULL,'2569-01-01','officer'),(206,36,8,25,32.0822,NULL,'2569-01-01','officer'),(207,36,10,25,39.4857,NULL,'2569-01-01','officer'),(208,36,11,25,43.1875,NULL,'2569-01-01','officer'),(209,36,12,25,24.6786,NULL,'2569-01-01','officer'),(210,36,13,25,28.3804,NULL,'2569-01-01','officer'),(211,36,14,25,32.0822,NULL,'2569-01-01','officer'),(212,36,15,25,35.7839,NULL,'2569-01-01','officer'),(213,36,16,25,39.4857,NULL,'2569-01-01','officer'),(214,36,17,25,43.1875,NULL,'2569-01-01','officer'),(215,36,18,25,24.6786,NULL,'2569-01-01','officer'),(217,37,1,25,5.6761,NULL,'2569-01-01','officer'),(218,37,2,25,6.4164,NULL,'2569-01-01','officer'),(219,37,3,25,7.1568,NULL,'2569-01-01','officer'),(220,37,4,25,7.8971,NULL,'2569-01-01','officer'),(221,37,5,25,8.6375,NULL,'2569-01-01','officer'),(222,37,6,25,4.9357,NULL,'2569-01-01','officer'),(223,37,7,25,5.6761,NULL,'2569-01-01','officer'),(224,37,8,25,6.4164,NULL,'2569-01-01','officer'),(225,37,10,25,7.8971,NULL,'2569-01-01','officer'),(226,37,11,25,8.6375,NULL,'2569-01-01','officer'),(227,37,12,25,4.9357,NULL,'2569-01-01','officer'),(228,37,13,25,5.6761,NULL,'2569-01-01','officer'),(229,37,14,25,6.4164,NULL,'2569-01-01','officer'),(230,37,15,25,7.1568,NULL,'2569-01-01','officer'),(231,37,16,25,7.8971,NULL,'2569-01-01','officer'),(232,37,17,25,8.6375,NULL,'2569-01-01','officer'),(233,37,18,25,4.9357,NULL,'2569-01-01','officer'),(235,38,1,25,28.3804,NULL,'2569-01-01','officer'),(236,38,2,25,32.0822,NULL,'2569-01-01','officer'),(237,38,3,25,35.7839,NULL,'2569-01-01','officer'),(238,38,4,25,39.4857,NULL,'2569-01-01','officer'),(239,38,5,25,43.1875,NULL,'2569-01-01','officer'),(240,38,6,25,24.6786,NULL,'2569-01-01','officer'),(241,38,7,25,28.3804,NULL,'2569-01-01','officer'),(242,38,8,25,32.0822,NULL,'2569-01-01','officer'),(243,38,10,25,39.4857,NULL,'2569-01-01','officer'),(244,38,11,25,43.1875,NULL,'2569-01-01','officer'),(245,38,12,25,24.6786,NULL,'2569-01-01','officer'),(246,38,13,25,28.3804,NULL,'2569-01-01','officer'),(247,38,14,25,32.0822,NULL,'2569-01-01','officer'),(248,38,15,25,35.7839,NULL,'2569-01-01','officer'),(249,38,16,25,39.4857,NULL,'2569-01-01','officer'),(250,38,17,25,43.1875,NULL,'2569-01-01','officer'),(251,38,18,25,24.6786,NULL,'2569-01-01','officer'),(253,39,1,25,28.3804,NULL,'2569-01-01','officer'),(254,39,2,25,32.0822,NULL,'2569-01-01','officer'),(255,39,3,25,35.7839,NULL,'2569-01-01','officer'),(256,39,4,25,39.4857,NULL,'2569-01-01','officer'),(257,39,5,25,43.1875,NULL,'2569-01-01','officer'),(258,39,6,25,24.6786,NULL,'2569-01-01','officer'),(259,39,7,25,28.3804,NULL,'2569-01-01','officer'),(260,39,8,25,32.0822,NULL,'2569-01-01','officer'),(261,39,10,25,39.4857,NULL,'2569-01-01','officer'),(262,39,11,25,43.1875,NULL,'2569-01-01','officer'),(263,39,12,25,24.6786,NULL,'2569-01-01','officer'),(264,39,13,25,28.3804,NULL,'2569-01-01','officer'),(265,39,14,25,32.0822,NULL,'2569-01-01','officer'),(266,39,15,25,35.7839,NULL,'2569-01-01','officer'),(267,39,16,25,39.4857,NULL,'2569-01-01','officer'),(268,39,17,25,43.1875,NULL,'2569-01-01','officer'),(269,39,18,25,24.6786,NULL,'2569-01-01','officer'),(271,40,1,25,11.3521,NULL,'2569-01-01','officer'),(272,40,2,25,12.8329,NULL,'2569-01-01','officer'),(273,40,3,25,14.3136,NULL,'2569-01-01','officer'),(274,40,4,25,15.7943,NULL,'2569-01-01','officer'),(275,40,5,25,17.2750,NULL,'2569-01-01','officer'),(276,40,6,25,9.8714,NULL,'2569-01-01','officer'),(277,40,7,25,11.3521,NULL,'2569-01-01','officer'),(278,40,8,25,12.8329,NULL,'2569-01-01','officer'),(279,40,10,25,15.7943,NULL,'2569-01-01','officer'),(280,40,11,25,17.2750,NULL,'2569-01-01','officer'),(281,40,12,25,9.8714,NULL,'2569-01-01','officer'),(282,40,13,25,11.3521,NULL,'2569-01-01','officer'),(283,40,14,25,12.8329,NULL,'2569-01-01','officer'),(284,40,15,25,14.3136,NULL,'2569-01-01','officer'),(285,40,16,25,15.7943,NULL,'2569-01-01','officer'),(286,40,17,25,17.2750,NULL,'2569-01-01','officer'),(287,40,18,25,9.8714,NULL,'2569-01-01','officer'),(289,41,1,25,11.3521,NULL,'2569-01-01','officer'),(290,41,2,25,12.8329,NULL,'2569-01-01','officer'),(291,41,3,25,14.3136,NULL,'2569-01-01','officer'),(292,41,4,25,15.7943,NULL,'2569-01-01','officer'),(293,41,5,25,17.2750,NULL,'2569-01-01','officer'),(294,41,6,25,9.8714,NULL,'2569-01-01','officer'),(295,41,7,25,11.3521,NULL,'2569-01-01','officer'),(296,41,8,25,12.8329,NULL,'2569-01-01','officer'),(297,41,10,25,15.7943,NULL,'2569-01-01','officer'),(298,41,11,25,17.2750,NULL,'2569-01-01','officer'),(299,41,12,25,9.8714,NULL,'2569-01-01','officer'),(300,41,13,25,11.3521,NULL,'2569-01-01','officer'),(301,41,14,25,12.8329,NULL,'2569-01-01','officer'),(302,41,15,25,14.3136,NULL,'2569-01-01','officer'),(303,41,16,25,15.7943,NULL,'2569-01-01','officer'),(304,41,17,25,17.2750,NULL,'2569-01-01','officer'),(305,41,18,25,9.8714,NULL,'2569-01-01','officer'),(307,42,1,25,11.3521,NULL,'2569-01-01','officer'),(308,42,2,25,12.8329,NULL,'2569-01-01','officer'),(309,42,3,25,14.3136,NULL,'2569-01-01','officer'),(310,42,4,25,15.7943,NULL,'2569-01-01','officer'),(311,42,5,25,17.2750,NULL,'2569-01-01','officer'),(312,42,6,25,9.8714,NULL,'2569-01-01','officer'),(313,42,7,25,11.3521,NULL,'2569-01-01','officer'),(314,42,8,25,12.8329,NULL,'2569-01-01','officer'),(315,42,10,25,15.7943,NULL,'2569-01-01','officer'),(316,42,11,25,17.2750,NULL,'2569-01-01','officer'),(317,42,12,25,9.8714,NULL,'2569-01-01','officer'),(318,42,13,25,11.3521,NULL,'2569-01-01','officer'),(319,42,14,25,12.8329,NULL,'2569-01-01','officer'),(320,42,15,25,14.3136,NULL,'2569-01-01','officer'),(321,42,16,25,15.7943,NULL,'2569-01-01','officer'),(322,42,17,25,17.2750,NULL,'2569-01-01','officer'),(323,42,18,25,9.8714,NULL,'2569-01-01','officer'),(325,43,1,25,11.3521,NULL,'2569-01-01','officer'),(326,43,2,25,12.8329,NULL,'2569-01-01','officer'),(327,43,3,25,14.3136,NULL,'2569-01-01','officer'),(328,43,4,25,15.7943,NULL,'2569-01-01','officer'),(329,43,5,25,17.2750,NULL,'2569-01-01','officer'),(330,43,6,25,9.8714,NULL,'2569-01-01','officer'),(331,43,7,25,11.3521,NULL,'2569-01-01','officer'),(332,43,8,25,12.8329,NULL,'2569-01-01','officer'),(333,43,10,25,15.7943,NULL,'2569-01-01','officer'),(334,43,11,25,17.2750,NULL,'2569-01-01','officer'),(335,43,12,25,9.8714,NULL,'2569-01-01','officer'),(336,43,13,25,11.3521,NULL,'2569-01-01','officer'),(337,43,14,25,12.8329,NULL,'2569-01-01','officer'),(338,43,15,25,14.3136,NULL,'2569-01-01','officer'),(339,43,16,25,15.7943,NULL,'2569-01-01','officer'),(340,43,17,25,17.2750,NULL,'2569-01-01','officer'),(341,43,18,25,9.8714,NULL,'2569-01-01','officer'),(343,44,1,25,28.3804,NULL,'2569-01-01','officer'),(344,44,2,25,32.0822,NULL,'2569-01-01','officer'),(345,44,3,25,35.7839,NULL,'2569-01-01','officer'),(346,44,4,25,39.4857,NULL,'2569-01-01','officer'),(347,44,5,25,43.1875,NULL,'2569-01-01','officer'),(348,44,6,25,24.6786,NULL,'2569-01-01','officer'),(349,44,7,25,28.3804,NULL,'2569-01-01','officer'),(350,44,8,25,32.0822,NULL,'2569-01-01','officer'),(351,44,10,25,39.4857,NULL,'2569-01-01','officer'),(352,44,11,25,43.1875,NULL,'2569-01-01','officer'),(353,44,12,25,24.6786,NULL,'2569-01-01','officer'),(354,44,13,25,28.3804,NULL,'2569-01-01','officer'),(355,44,14,25,32.0822,NULL,'2569-01-01','officer'),(356,44,15,25,35.7839,NULL,'2569-01-01','officer'),(357,44,16,25,39.4857,NULL,'2569-01-01','officer'),(358,44,17,25,43.1875,NULL,'2569-01-01','officer'),(359,44,18,25,24.6786,NULL,'2569-01-01','officer'),(361,45,1,25,28.3804,NULL,'2569-01-01','officer'),(362,45,2,25,32.0822,NULL,'2569-01-01','officer'),(363,45,3,25,35.7839,NULL,'2569-01-01','officer'),(364,45,4,25,39.4857,NULL,'2569-01-01','officer'),(365,45,5,25,43.1875,NULL,'2569-01-01','officer'),(366,45,6,25,24.6786,NULL,'2569-01-01','officer'),(367,45,7,25,28.3804,NULL,'2569-01-01','officer'),(368,45,8,25,32.0822,NULL,'2569-01-01','officer'),(369,45,10,25,39.4857,NULL,'2569-01-01','officer'),(370,45,11,25,43.1875,NULL,'2569-01-01','officer'),(371,45,12,25,24.6786,NULL,'2569-01-01','officer'),(372,45,13,25,28.3804,NULL,'2569-01-01','officer'),(373,45,14,25,32.0822,NULL,'2569-01-01','officer'),(374,45,15,25,35.7839,NULL,'2569-01-01','officer'),(375,45,16,25,39.4857,NULL,'2569-01-01','officer'),(376,45,17,25,43.1875,NULL,'2569-01-01','officer'),(377,45,18,25,24.6786,NULL,'2569-01-01','officer'),(379,46,1,25,28.3804,NULL,'2569-01-01','officer'),(380,46,2,25,32.0822,NULL,'2569-01-01','officer'),(381,46,3,25,35.7839,NULL,'2569-01-01','officer'),(382,46,4,25,39.4857,NULL,'2569-01-01','officer'),(383,46,5,25,43.1875,NULL,'2569-01-01','officer'),(384,46,6,25,24.6786,NULL,'2569-01-01','officer'),(385,46,7,25,28.3804,NULL,'2569-01-01','officer'),(386,46,8,25,32.0822,NULL,'2569-01-01','officer'),(387,46,10,25,39.4857,NULL,'2569-01-01','officer'),(388,46,11,25,43.1875,NULL,'2569-01-01','officer'),(389,46,12,25,24.6786,NULL,'2569-01-01','officer'),(390,46,13,25,28.3804,NULL,'2569-01-01','officer'),(391,46,14,25,32.0822,NULL,'2569-01-01','officer'),(392,46,15,25,35.7839,NULL,'2569-01-01','officer'),(393,46,16,25,39.4857,NULL,'2569-01-01','officer'),(394,46,17,25,43.1875,NULL,'2569-01-01','officer'),(395,46,18,25,24.6786,NULL,'2569-01-01','officer'),(397,47,1,25,28.3804,NULL,'2569-01-01','officer'),(398,47,2,25,32.0822,NULL,'2569-01-01','officer'),(399,47,3,25,35.7839,NULL,'2569-01-01','officer'),(400,47,4,25,39.4857,NULL,'2569-01-01','officer'),(401,47,5,25,43.1875,NULL,'2569-01-01','officer'),(402,47,6,25,24.6786,NULL,'2569-01-01','officer'),(403,47,7,25,28.3804,NULL,'2569-01-01','officer'),(404,47,8,25,32.0822,NULL,'2569-01-01','officer'),(405,47,10,25,39.4857,NULL,'2569-01-01','officer'),(406,47,11,25,43.1875,NULL,'2569-01-01','officer'),(407,47,12,25,24.6786,NULL,'2569-01-01','officer'),(408,47,13,25,28.3804,NULL,'2569-01-01','officer'),(409,47,14,25,32.0822,NULL,'2569-01-01','officer'),(410,47,15,25,35.7839,NULL,'2569-01-01','officer'),(411,47,16,25,39.4857,NULL,'2569-01-01','officer'),(412,47,17,25,43.1875,NULL,'2569-01-01','officer'),(413,47,18,25,24.6786,NULL,'2569-01-01','officer'),(415,48,1,25,28.3804,NULL,'2569-01-01','officer'),(416,48,2,25,32.0822,NULL,'2569-01-01','officer'),(417,48,3,25,35.7839,NULL,'2569-01-01','officer'),(418,48,4,25,39.4857,NULL,'2569-01-01','officer'),(419,48,5,25,43.1875,NULL,'2569-01-01','officer'),(420,48,6,25,24.6786,NULL,'2569-01-01','officer'),(421,48,7,25,28.3804,NULL,'2569-01-01','officer'),(422,48,8,25,32.0822,NULL,'2569-01-01','officer'),(423,48,10,25,39.4857,NULL,'2569-01-01','officer'),(424,48,11,25,43.1875,NULL,'2569-01-01','officer'),(425,48,12,25,24.6786,NULL,'2569-01-01','officer'),(426,48,13,25,28.3804,NULL,'2569-01-01','officer'),(427,48,14,25,32.0822,NULL,'2569-01-01','officer'),(428,48,15,25,35.7839,NULL,'2569-01-01','officer'),(429,48,16,25,39.4857,NULL,'2569-01-01','officer'),(430,48,17,25,43.1875,NULL,'2569-01-01','officer'),(431,48,18,25,24.6786,NULL,'2569-01-01','officer'),(433,49,1,25,11.3521,NULL,'2569-01-01','officer'),(434,49,2,25,12.8329,NULL,'2569-01-01','officer'),(435,49,3,25,14.3136,NULL,'2569-01-01','officer'),(436,49,4,25,15.7943,NULL,'2569-01-01','officer'),(437,49,5,25,17.2750,NULL,'2569-01-01','officer'),(438,49,6,25,9.8714,NULL,'2569-01-01','officer'),(439,49,7,25,11.3521,NULL,'2569-01-01','officer'),(440,49,8,25,12.8329,NULL,'2569-01-01','officer'),(441,49,10,25,15.7943,NULL,'2569-01-01','officer'),(442,49,11,25,17.2750,NULL,'2569-01-01','officer'),(443,49,12,25,9.8714,NULL,'2569-01-01','officer'),(444,49,13,25,11.3521,NULL,'2569-01-01','officer'),(445,49,14,25,12.8329,NULL,'2569-01-01','officer'),(446,49,15,25,14.3136,NULL,'2569-01-01','officer'),(447,49,16,25,15.7943,NULL,'2569-01-01','officer'),(448,49,17,25,17.2750,NULL,'2569-01-01','officer'),(449,49,18,25,9.8714,NULL,'2569-01-01','officer'),(451,50,1,25,28.3804,NULL,'2569-01-01','officer'),(452,50,2,25,32.0822,NULL,'2569-01-01','officer'),(453,50,3,25,35.7839,NULL,'2569-01-01','officer'),(454,50,4,25,39.4857,NULL,'2569-01-01','officer'),(455,50,5,25,43.1875,NULL,'2569-01-01','officer'),(456,50,6,25,24.6786,NULL,'2569-01-01','officer'),(457,50,7,25,28.3804,NULL,'2569-01-01','officer'),(458,50,8,25,32.0822,NULL,'2569-01-01','officer'),(459,50,10,25,39.4857,NULL,'2569-01-01','officer'),(460,50,11,25,43.1875,NULL,'2569-01-01','officer'),(461,50,12,25,24.6786,NULL,'2569-01-01','officer'),(462,50,13,25,28.3804,NULL,'2569-01-01','officer'),(463,50,14,25,32.0822,NULL,'2569-01-01','officer'),(464,50,15,25,35.7839,NULL,'2569-01-01','officer'),(465,50,16,25,39.4857,NULL,'2569-01-01','officer'),(466,50,17,25,43.1875,NULL,'2569-01-01','officer'),(467,50,18,25,24.6786,NULL,'2569-01-01','officer'),(469,51,1,25,28.3804,NULL,'2569-01-01','officer'),(470,51,2,25,32.0822,NULL,'2569-01-01','officer'),(471,51,3,25,35.7839,NULL,'2569-01-01','officer'),(472,51,4,25,39.4857,NULL,'2569-01-01','officer'),(473,51,5,25,43.1875,NULL,'2569-01-01','officer'),(474,51,6,25,24.6786,NULL,'2569-01-01','officer'),(475,51,7,25,28.3804,NULL,'2569-01-01','officer'),(476,51,8,25,32.0822,NULL,'2569-01-01','officer'),(477,51,10,25,39.4857,NULL,'2569-01-01','officer'),(478,51,11,25,43.1875,NULL,'2569-01-01','officer'),(479,51,12,25,24.6786,NULL,'2569-01-01','officer'),(480,51,13,25,28.3804,NULL,'2569-01-01','officer'),(481,51,14,25,32.0822,NULL,'2569-01-01','officer'),(482,51,15,25,35.7839,NULL,'2569-01-01','officer'),(483,51,16,25,39.4857,NULL,'2569-01-01','officer'),(484,51,17,25,43.1875,NULL,'2569-01-01','officer'),(485,51,18,25,24.6786,NULL,'2569-01-01','officer'),(487,52,1,25,11.3521,NULL,'2569-01-01','officer'),(488,52,2,25,12.8329,NULL,'2569-01-01','officer'),(489,52,3,25,14.3136,NULL,'2569-01-01','officer'),(490,52,4,25,15.7943,NULL,'2569-01-01','officer'),(491,52,5,25,17.2750,NULL,'2569-01-01','officer'),(492,52,6,25,9.8714,NULL,'2569-01-01','officer'),(493,52,7,25,11.3521,NULL,'2569-01-01','officer'),(494,52,8,25,12.8329,NULL,'2569-01-01','officer'),(495,52,10,25,15.7943,NULL,'2569-01-01','officer'),(496,52,11,25,17.2750,NULL,'2569-01-01','officer'),(497,52,12,25,9.8714,NULL,'2569-01-01','officer'),(498,52,13,25,11.3521,NULL,'2569-01-01','officer'),(499,52,14,25,12.8329,NULL,'2569-01-01','officer'),(500,52,15,25,14.3136,NULL,'2569-01-01','officer'),(501,52,16,25,15.7943,NULL,'2569-01-01','officer'),(502,52,17,25,17.2750,NULL,'2569-01-01','officer'),(503,52,18,25,9.8714,NULL,'2569-01-01','officer'),(505,53,1,25,28.3804,NULL,'2569-01-01','officer'),(506,53,2,25,32.0822,NULL,'2569-01-01','officer'),(507,53,3,25,35.7839,NULL,'2569-01-01','officer'),(508,53,4,25,39.4857,NULL,'2569-01-01','officer'),(509,53,5,25,43.1875,NULL,'2569-01-01','officer'),(510,53,6,25,24.6786,NULL,'2569-01-01','officer'),(511,53,7,25,28.3804,NULL,'2569-01-01','officer'),(512,53,8,25,32.0822,NULL,'2569-01-01','officer'),(513,53,10,25,39.4857,NULL,'2569-01-01','officer'),(514,53,11,25,43.1875,NULL,'2569-01-01','officer'),(515,53,12,25,24.6786,NULL,'2569-01-01','officer'),(516,53,13,25,28.3804,NULL,'2569-01-01','officer'),(517,53,14,25,32.0822,NULL,'2569-01-01','officer'),(518,53,15,25,35.7839,NULL,'2569-01-01','officer'),(519,53,16,25,39.4857,NULL,'2569-01-01','officer'),(520,53,17,25,43.1875,NULL,'2569-01-01','officer'),(521,53,18,25,24.6786,NULL,'2569-01-01','officer'),(523,54,1,25,28.3804,NULL,'2569-01-01','officer'),(524,54,2,25,32.0822,NULL,'2569-01-01','officer'),(525,54,3,25,35.7839,NULL,'2569-01-01','officer'),(526,54,4,25,39.4857,NULL,'2569-01-01','officer'),(527,54,5,25,43.1875,NULL,'2569-01-01','officer'),(528,54,6,25,24.6786,NULL,'2569-01-01','officer'),(529,54,7,25,28.3804,NULL,'2569-01-01','officer'),(530,54,8,25,32.0822,NULL,'2569-01-01','officer'),(531,54,10,25,39.4857,NULL,'2569-01-01','officer'),(532,54,11,25,43.1875,NULL,'2569-01-01','officer'),(533,54,12,25,24.6786,NULL,'2569-01-01','officer'),(534,54,13,25,28.3804,NULL,'2569-01-01','officer'),(535,54,14,25,32.0822,NULL,'2569-01-01','officer'),(536,54,15,25,35.7839,NULL,'2569-01-01','officer'),(537,54,16,25,39.4857,NULL,'2569-01-01','officer'),(538,54,17,25,43.1875,NULL,'2569-01-01','officer'),(539,54,18,25,24.6786,NULL,'2569-01-01','officer'),(541,55,1,25,11.3521,NULL,'2569-01-01','officer'),(542,55,2,25,12.8329,NULL,'2569-01-01','officer'),(543,55,3,25,14.3136,NULL,'2569-01-01','officer'),(544,55,4,25,15.7943,NULL,'2569-01-01','officer'),(545,55,5,25,17.2750,NULL,'2569-01-01','officer'),(546,55,6,25,9.8714,NULL,'2569-01-01','officer'),(547,55,7,25,11.3521,NULL,'2569-01-01','officer'),(548,55,8,25,12.8329,NULL,'2569-01-01','officer'),(549,55,10,25,15.7943,NULL,'2569-01-01','officer'),(550,55,11,25,17.2750,NULL,'2569-01-01','officer'),(551,55,12,25,9.8714,NULL,'2569-01-01','officer'),(552,55,13,25,11.3521,NULL,'2569-01-01','officer'),(553,55,14,25,12.8329,NULL,'2569-01-01','officer'),(554,55,15,25,14.3136,NULL,'2569-01-01','officer'),(555,55,16,25,15.7943,NULL,'2569-01-01','officer'),(556,55,17,25,17.2750,NULL,'2569-01-01','officer'),(557,55,18,25,9.8714,NULL,'2569-01-01','officer'),(559,56,1,25,28.3804,NULL,'2569-01-01','officer'),(560,56,2,25,32.0822,NULL,'2569-01-01','officer'),(561,56,3,25,35.7839,NULL,'2569-01-01','officer'),(562,56,4,25,39.4857,NULL,'2569-01-01','officer'),(563,56,5,25,43.1875,NULL,'2569-01-01','officer'),(564,56,6,25,24.6786,NULL,'2569-01-01','officer'),(565,56,7,25,28.3804,NULL,'2569-01-01','officer'),(566,56,8,25,32.0822,NULL,'2569-01-01','officer'),(567,56,10,25,39.4857,NULL,'2569-01-01','officer'),(568,56,11,25,43.1875,NULL,'2569-01-01','officer'),(569,56,12,25,24.6786,NULL,'2569-01-01','officer'),(570,56,13,25,28.3804,NULL,'2569-01-01','officer'),(571,56,14,25,32.0822,NULL,'2569-01-01','officer'),(572,56,15,25,35.7839,NULL,'2569-01-01','officer'),(573,56,16,25,39.4857,NULL,'2569-01-01','officer'),(574,56,17,25,43.1875,NULL,'2569-01-01','officer'),(575,56,18,25,24.6786,NULL,'2569-01-01','officer'),(577,57,1,25,567.6074,NULL,'2569-01-01','officer'),(578,57,2,25,641.6431,NULL,'2569-01-01','officer'),(579,57,3,25,715.6788,NULL,'2569-01-01','officer'),(580,57,4,25,789.7146,NULL,'2569-01-01','officer'),(581,57,5,25,863.7503,NULL,'2569-01-01','officer'),(582,57,6,25,493.5716,NULL,'2569-01-01','officer'),(583,57,7,25,567.6074,NULL,'2569-01-01','officer'),(584,57,8,25,641.6431,NULL,'2569-01-01','officer'),(585,57,10,25,789.7146,NULL,'2569-01-01','officer'),(586,57,11,25,863.7503,NULL,'2569-01-01','officer'),(587,57,12,25,493.5716,NULL,'2569-01-01','officer'),(588,57,13,25,567.6074,NULL,'2569-01-01','officer'),(589,57,14,25,641.6431,NULL,'2569-01-01','officer'),(590,57,15,25,715.6788,NULL,'2569-01-01','officer'),(591,57,16,25,789.7146,NULL,'2569-01-01','officer'),(592,57,17,25,863.7503,NULL,'2569-01-01','officer'),(593,57,18,25,493.5716,NULL,'2569-01-01','officer'),(595,58,1,25,567.6074,NULL,'2569-01-01','officer'),(596,58,2,25,641.6431,NULL,'2569-01-01','officer'),(597,58,3,25,715.6788,NULL,'2569-01-01','officer'),(598,58,4,25,789.7146,NULL,'2569-01-01','officer'),(599,58,5,25,863.7503,NULL,'2569-01-01','officer'),(600,58,6,25,493.5716,NULL,'2569-01-01','officer'),(601,58,7,25,567.6074,NULL,'2569-01-01','officer'),(602,58,8,25,641.6431,NULL,'2569-01-01','officer'),(603,58,10,25,789.7146,NULL,'2569-01-01','officer'),(604,58,11,25,863.7503,NULL,'2569-01-01','officer'),(605,58,12,25,493.5716,NULL,'2569-01-01','officer'),(606,58,13,25,567.6074,NULL,'2569-01-01','officer'),(607,58,14,25,641.6431,NULL,'2569-01-01','officer'),(608,58,15,25,715.6788,NULL,'2569-01-01','officer'),(609,58,16,25,789.7146,NULL,'2569-01-01','officer'),(610,58,17,25,863.7503,NULL,'2569-01-01','officer'),(611,58,18,25,493.5716,NULL,'2569-01-01','officer'),(613,59,1,25,567.6074,NULL,'2569-01-01','officer'),(614,59,2,25,641.6431,NULL,'2569-01-01','officer'),(615,59,3,25,715.6788,NULL,'2569-01-01','officer'),(616,59,4,25,789.7146,NULL,'2569-01-01','officer'),(617,59,5,25,863.7503,NULL,'2569-01-01','officer'),(618,59,6,25,493.5716,NULL,'2569-01-01','officer'),(619,59,7,25,567.6074,NULL,'2569-01-01','officer'),(620,59,8,25,641.6431,NULL,'2569-01-01','officer'),(621,59,10,25,789.7146,NULL,'2569-01-01','officer'),(622,59,11,25,863.7503,NULL,'2569-01-01','officer'),(623,59,12,25,493.5716,NULL,'2569-01-01','officer'),(624,59,13,25,567.6074,NULL,'2569-01-01','officer'),(625,59,14,25,641.6431,NULL,'2569-01-01','officer'),(626,59,15,25,715.6788,NULL,'2569-01-01','officer'),(627,59,16,25,789.7146,NULL,'2569-01-01','officer'),(628,59,17,25,863.7503,NULL,'2569-01-01','officer'),(629,59,18,25,493.5716,NULL,'2569-01-01','officer'),(631,60,1,25,567.6074,NULL,'2569-01-01','officer'),(632,60,2,25,641.6431,NULL,'2569-01-01','officer'),(633,60,3,25,715.6788,NULL,'2569-01-01','officer'),(634,60,4,25,789.7146,NULL,'2569-01-01','officer'),(635,60,5,25,863.7503,NULL,'2569-01-01','officer'),(636,60,6,25,493.5716,NULL,'2569-01-01','officer'),(637,60,7,25,567.6074,NULL,'2569-01-01','officer'),(638,60,8,25,641.6431,NULL,'2569-01-01','officer'),(639,60,10,25,789.7146,NULL,'2569-01-01','officer'),(640,60,11,25,863.7503,NULL,'2569-01-01','officer'),(641,60,12,25,493.5716,NULL,'2569-01-01','officer'),(642,60,13,25,567.6074,NULL,'2569-01-01','officer'),(643,60,14,25,641.6431,NULL,'2569-01-01','officer'),(644,60,15,25,715.6788,NULL,'2569-01-01','officer'),(645,60,16,25,789.7146,NULL,'2569-01-01','officer'),(646,60,17,25,863.7503,NULL,'2569-01-01','officer'),(647,60,18,25,493.5716,NULL,'2569-01-01','officer'),(649,61,1,25,567.6074,NULL,'2569-01-01','officer'),(650,61,2,25,641.6431,NULL,'2569-01-01','officer'),(651,61,3,25,715.6788,NULL,'2569-01-01','officer'),(652,61,4,25,789.7146,NULL,'2569-01-01','officer'),(653,61,5,25,863.7503,NULL,'2569-01-01','officer'),(654,61,6,25,493.5716,NULL,'2569-01-01','officer'),(655,61,7,25,567.6074,NULL,'2569-01-01','officer'),(656,61,8,25,641.6431,NULL,'2569-01-01','officer'),(657,61,10,25,789.7146,NULL,'2569-01-01','officer'),(658,61,11,25,863.7503,NULL,'2569-01-01','officer'),(659,61,12,25,493.5716,NULL,'2569-01-01','officer'),(660,61,13,25,567.6074,NULL,'2569-01-01','officer'),(661,61,14,25,641.6431,NULL,'2569-01-01','officer'),(662,61,15,25,715.6788,NULL,'2569-01-01','officer'),(663,61,16,25,789.7146,NULL,'2569-01-01','officer'),(664,61,17,25,863.7503,NULL,'2569-01-01','officer'),(665,61,18,25,493.5716,NULL,'2569-01-01','officer'),(667,62,1,25,567.6074,NULL,'2569-01-01','officer'),(668,62,2,25,641.6431,NULL,'2569-01-01','officer'),(669,62,3,25,715.6788,NULL,'2569-01-01','officer'),(670,62,4,25,789.7146,NULL,'2569-01-01','officer'),(671,62,5,25,863.7503,NULL,'2569-01-01','officer'),(672,62,6,25,493.5716,NULL,'2569-01-01','officer'),(673,62,7,25,567.6074,NULL,'2569-01-01','officer'),(674,62,8,25,641.6431,NULL,'2569-01-01','officer'),(675,62,10,25,789.7146,NULL,'2569-01-01','officer'),(676,62,11,25,863.7503,NULL,'2569-01-01','officer'),(677,62,12,25,493.5716,NULL,'2569-01-01','officer'),(678,62,13,25,567.6074,NULL,'2569-01-01','officer'),(679,62,14,25,641.6431,NULL,'2569-01-01','officer'),(680,62,15,25,715.6788,NULL,'2569-01-01','officer'),(681,62,16,25,789.7146,NULL,'2569-01-01','officer'),(682,62,17,25,863.7503,NULL,'2569-01-01','officer'),(683,62,18,25,493.5716,NULL,'2569-01-01','officer'),(685,63,1,25,567.6074,NULL,'2569-01-01','officer'),(686,63,2,25,641.6431,NULL,'2569-01-01','officer'),(687,63,3,25,715.6788,NULL,'2569-01-01','officer'),(688,63,4,25,789.7146,NULL,'2569-01-01','officer'),(689,63,5,25,863.7503,NULL,'2569-01-01','officer'),(690,63,6,25,493.5716,NULL,'2569-01-01','officer'),(691,63,7,25,567.6074,NULL,'2569-01-01','officer'),(692,63,8,25,641.6431,NULL,'2569-01-01','officer'),(693,63,10,25,789.7146,NULL,'2569-01-01','officer'),(694,63,11,25,863.7503,NULL,'2569-01-01','officer'),(695,63,12,25,493.5716,NULL,'2569-01-01','officer'),(696,63,13,25,567.6074,NULL,'2569-01-01','officer'),(697,63,14,25,641.6431,NULL,'2569-01-01','officer'),(698,63,15,25,715.6788,NULL,'2569-01-01','officer'),(699,63,16,25,789.7146,NULL,'2569-01-01','officer'),(700,63,17,25,863.7503,NULL,'2569-01-01','officer'),(701,63,18,25,493.5716,NULL,'2569-01-01','officer'),(703,64,1,25,28.3804,NULL,'2569-01-01','officer'),(704,64,2,25,32.0822,NULL,'2569-01-01','officer'),(705,64,3,25,35.7839,NULL,'2569-01-01','officer'),(706,64,4,25,39.4857,NULL,'2569-01-01','officer'),(707,64,5,25,43.1875,NULL,'2569-01-01','officer'),(708,64,6,25,24.6786,NULL,'2569-01-01','officer'),(709,64,7,25,28.3804,NULL,'2569-01-01','officer'),(710,64,8,25,32.0822,NULL,'2569-01-01','officer'),(711,64,10,25,39.4857,NULL,'2569-01-01','officer'),(712,64,11,25,43.1875,NULL,'2569-01-01','officer'),(713,64,12,25,24.6786,NULL,'2569-01-01','officer'),(714,64,13,25,28.3804,NULL,'2569-01-01','officer'),(715,64,14,25,32.0822,NULL,'2569-01-01','officer'),(716,64,15,25,35.7839,NULL,'2569-01-01','officer'),(717,64,16,25,39.4857,NULL,'2569-01-01','officer'),(718,64,17,25,43.1875,NULL,'2569-01-01','officer'),(719,64,18,25,24.6786,NULL,'2569-01-01','officer'),(721,65,1,25,28.3804,NULL,'2569-01-01','officer'),(722,65,2,25,32.0822,NULL,'2569-01-01','officer'),(723,65,3,25,35.7839,NULL,'2569-01-01','officer'),(724,65,4,25,39.4857,NULL,'2569-01-01','officer'),(725,65,5,25,43.1875,NULL,'2569-01-01','officer'),(726,65,6,25,24.6786,NULL,'2569-01-01','officer'),(727,65,7,25,28.3804,NULL,'2569-01-01','officer'),(728,65,8,25,32.0822,NULL,'2569-01-01','officer'),(729,65,10,25,39.4857,NULL,'2569-01-01','officer'),(730,65,11,25,43.1875,NULL,'2569-01-01','officer'),(731,65,12,25,24.6786,NULL,'2569-01-01','officer'),(732,65,13,25,28.3804,NULL,'2569-01-01','officer'),(733,65,14,25,32.0822,NULL,'2569-01-01','officer'),(734,65,15,25,35.7839,NULL,'2569-01-01','officer'),(735,65,16,25,39.4857,NULL,'2569-01-01','officer'),(736,65,17,25,43.1875,NULL,'2569-01-01','officer'),(737,65,18,25,24.6786,NULL,'2569-01-01','officer'),(739,66,1,25,2838.0368,NULL,'2569-01-01','officer'),(740,66,2,25,3208.2155,NULL,'2569-01-01','officer'),(741,66,3,25,3578.3942,NULL,'2569-01-01','officer'),(742,66,4,25,3948.5730,NULL,'2569-01-01','officer'),(743,66,5,25,4318.7517,NULL,'2569-01-01','officer'),(744,66,6,25,2467.8581,NULL,'2569-01-01','officer'),(745,66,7,25,2838.0368,NULL,'2569-01-01','officer'),(746,66,8,25,3208.2155,NULL,'2569-01-01','officer'),(747,66,10,25,3948.5730,NULL,'2569-01-01','officer'),(748,66,11,25,4318.7517,NULL,'2569-01-01','officer'),(749,66,12,25,2467.8581,NULL,'2569-01-01','officer'),(750,66,13,25,2838.0368,NULL,'2569-01-01','officer'),(751,66,14,25,3208.2155,NULL,'2569-01-01','officer'),(752,66,15,25,3578.3942,NULL,'2569-01-01','officer'),(753,66,16,25,3948.5730,NULL,'2569-01-01','officer'),(754,66,17,25,4318.7517,NULL,'2569-01-01','officer'),(755,66,18,25,2467.8581,NULL,'2569-01-01','officer'),(757,67,1,25,2838.0368,NULL,'2569-01-01','officer'),(758,67,2,25,3208.2155,NULL,'2569-01-01','officer'),(759,67,3,25,3578.3942,NULL,'2569-01-01','officer'),(760,67,4,25,3948.5730,NULL,'2569-01-01','officer'),(761,67,5,25,4318.7517,NULL,'2569-01-01','officer'),(762,67,6,25,2467.8581,NULL,'2569-01-01','officer'),(763,67,7,25,2838.0368,NULL,'2569-01-01','officer'),(764,67,8,25,3208.2155,NULL,'2569-01-01','officer'),(765,67,10,25,3948.5730,NULL,'2569-01-01','officer'),(766,67,11,25,4318.7517,NULL,'2569-01-01','officer'),(767,67,12,25,2467.8581,NULL,'2569-01-01','officer'),(768,67,13,25,2838.0368,NULL,'2569-01-01','officer'),(769,67,14,25,3208.2155,NULL,'2569-01-01','officer'),(770,67,15,25,3578.3942,NULL,'2569-01-01','officer'),(771,67,16,25,3948.5730,NULL,'2569-01-01','officer'),(772,67,17,25,4318.7517,NULL,'2569-01-01','officer'),(773,67,18,25,2467.8581,NULL,'2569-01-01','officer'),(775,68,1,25,2838.0368,NULL,'2569-01-01','officer'),(776,68,2,25,3208.2155,NULL,'2569-01-01','officer'),(777,68,3,25,3578.3942,NULL,'2569-01-01','officer'),(778,68,4,25,3948.5730,NULL,'2569-01-01','officer'),(779,68,5,25,4318.7517,NULL,'2569-01-01','officer'),(780,68,6,25,2467.8581,NULL,'2569-01-01','officer'),(781,68,7,25,2838.0368,NULL,'2569-01-01','officer'),(782,68,8,25,3208.2155,NULL,'2569-01-01','officer'),(783,68,10,25,3948.5730,NULL,'2569-01-01','officer'),(784,68,11,25,4318.7517,NULL,'2569-01-01','officer'),(785,68,12,25,2467.8581,NULL,'2569-01-01','officer'),(786,68,13,25,2838.0368,NULL,'2569-01-01','officer'),(787,68,14,25,3208.2155,NULL,'2569-01-01','officer'),(788,68,15,25,3578.3942,NULL,'2569-01-01','officer'),(789,68,16,25,3948.5730,NULL,'2569-01-01','officer'),(790,68,17,25,4318.7517,NULL,'2569-01-01','officer'),(791,68,18,25,2467.8581,NULL,'2569-01-01','officer'),(793,69,1,25,567.6074,NULL,'2569-01-01','officer'),(794,69,2,25,641.6431,NULL,'2569-01-01','officer'),(795,69,3,25,715.6788,NULL,'2569-01-01','officer'),(796,69,4,25,789.7146,NULL,'2569-01-01','officer'),(797,69,5,25,863.7503,NULL,'2569-01-01','officer'),(798,69,6,25,493.5716,NULL,'2569-01-01','officer'),(799,69,7,25,567.6074,NULL,'2569-01-01','officer'),(800,69,8,25,641.6431,NULL,'2569-01-01','officer'),(801,69,10,25,789.7146,NULL,'2569-01-01','officer'),(802,69,11,25,863.7503,NULL,'2569-01-01','officer'),(803,69,12,25,493.5716,NULL,'2569-01-01','officer'),(804,69,13,25,567.6074,NULL,'2569-01-01','officer'),(805,69,14,25,641.6431,NULL,'2569-01-01','officer'),(806,69,15,25,715.6788,NULL,'2569-01-01','officer'),(807,69,16,25,789.7146,NULL,'2569-01-01','officer'),(808,69,17,25,863.7503,NULL,'2569-01-01','officer'),(809,69,18,25,493.5716,NULL,'2569-01-01','officer'),(811,70,1,25,567.6074,NULL,'2569-01-01','officer'),(812,70,2,25,641.6431,NULL,'2569-01-01','officer'),(813,70,3,25,715.6788,NULL,'2569-01-01','officer'),(814,70,4,25,789.7146,NULL,'2569-01-01','officer'),(815,70,5,25,863.7503,NULL,'2569-01-01','officer'),(816,70,6,25,493.5716,NULL,'2569-01-01','officer'),(817,70,7,25,567.6074,NULL,'2569-01-01','officer'),(818,70,8,25,641.6431,NULL,'2569-01-01','officer'),(819,70,10,25,789.7146,NULL,'2569-01-01','officer'),(820,70,11,25,863.7503,NULL,'2569-01-01','officer'),(821,70,12,25,493.5716,NULL,'2569-01-01','officer'),(822,70,13,25,567.6074,NULL,'2569-01-01','officer'),(823,70,14,25,641.6431,NULL,'2569-01-01','officer'),(824,70,15,25,715.6788,NULL,'2569-01-01','officer'),(825,70,16,25,789.7146,NULL,'2569-01-01','officer'),(826,70,17,25,863.7503,NULL,'2569-01-01','officer'),(827,70,18,25,493.5716,NULL,'2569-01-01','officer'),(829,71,1,25,28.3804,NULL,'2569-01-01','officer'),(830,71,2,25,32.0822,NULL,'2569-01-01','officer'),(831,71,3,25,35.7839,NULL,'2569-01-01','officer'),(832,71,4,25,39.4857,NULL,'2569-01-01','officer'),(833,71,5,25,43.1875,NULL,'2569-01-01','officer'),(834,71,6,25,24.6786,NULL,'2569-01-01','officer'),(835,71,7,25,28.3804,NULL,'2569-01-01','officer'),(836,71,8,25,32.0822,NULL,'2569-01-01','officer'),(837,71,10,25,39.4857,NULL,'2569-01-01','officer'),(838,71,11,25,43.1875,NULL,'2569-01-01','officer'),(839,71,12,25,24.6786,NULL,'2569-01-01','officer'),(840,71,13,25,28.3804,NULL,'2569-01-01','officer'),(841,71,14,25,32.0822,NULL,'2569-01-01','officer'),(842,71,15,25,35.7839,NULL,'2569-01-01','officer'),(843,71,16,25,39.4857,NULL,'2569-01-01','officer'),(844,71,17,25,43.1875,NULL,'2569-01-01','officer'),(845,71,18,25,24.6786,NULL,'2569-01-01','officer'),(847,72,1,25,28.3804,NULL,'2569-01-01','officer'),(848,72,2,25,32.0822,NULL,'2569-01-01','officer'),(849,72,3,25,35.7839,NULL,'2569-01-01','officer'),(850,72,4,25,39.4857,NULL,'2569-01-01','officer'),(851,72,5,25,43.1875,NULL,'2569-01-01','officer'),(852,72,6,25,24.6786,NULL,'2569-01-01','officer'),(853,72,7,25,28.3804,NULL,'2569-01-01','officer'),(854,72,8,25,32.0822,NULL,'2569-01-01','officer'),(855,72,10,25,39.4857,NULL,'2569-01-01','officer'),(856,72,11,25,43.1875,NULL,'2569-01-01','officer'),(857,72,12,25,24.6786,NULL,'2569-01-01','officer'),(858,72,13,25,28.3804,NULL,'2569-01-01','officer'),(859,72,14,25,32.0822,NULL,'2569-01-01','officer'),(860,72,15,25,35.7839,NULL,'2569-01-01','officer'),(861,72,16,25,39.4857,NULL,'2569-01-01','officer'),(862,72,17,25,43.1875,NULL,'2569-01-01','officer'),(863,72,18,25,24.6786,NULL,'2569-01-01','officer'),(865,73,1,25,2838.0368,NULL,'2569-01-01','officer'),(866,73,2,25,3208.2155,NULL,'2569-01-01','officer'),(867,73,3,25,3578.3942,NULL,'2569-01-01','officer'),(868,73,4,25,3948.5730,NULL,'2569-01-01','officer'),(869,73,5,25,4318.7517,NULL,'2569-01-01','officer'),(870,73,6,25,2467.8581,NULL,'2569-01-01','officer'),(871,73,7,25,2838.0368,NULL,'2569-01-01','officer'),(872,73,8,25,3208.2155,NULL,'2569-01-01','officer'),(873,73,10,25,3948.5730,NULL,'2569-01-01','officer'),(874,73,11,25,4318.7517,NULL,'2569-01-01','officer'),(875,73,12,25,2467.8581,NULL,'2569-01-01','officer'),(876,73,13,25,2838.0368,NULL,'2569-01-01','officer'),(877,73,14,25,3208.2155,NULL,'2569-01-01','officer'),(878,73,15,25,3578.3942,NULL,'2569-01-01','officer'),(879,73,16,25,3948.5730,NULL,'2569-01-01','officer'),(880,73,17,25,4318.7517,NULL,'2569-01-01','officer'),(881,73,18,25,2467.8581,NULL,'2569-01-01','officer'),(883,74,1,25,2838.0368,NULL,'2569-01-01','officer'),(884,74,2,25,3208.2155,NULL,'2569-01-01','officer'),(885,74,3,25,3578.3942,NULL,'2569-01-01','officer'),(886,74,4,25,3948.5730,NULL,'2569-01-01','officer'),(887,74,5,25,4318.7517,NULL,'2569-01-01','officer'),(888,74,6,25,2467.8581,NULL,'2569-01-01','officer'),(889,74,7,25,2838.0368,NULL,'2569-01-01','officer'),(890,74,8,25,3208.2155,NULL,'2569-01-01','officer'),(891,74,10,25,3948.5730,NULL,'2569-01-01','officer'),(892,74,11,25,4318.7517,NULL,'2569-01-01','officer'),(893,74,12,25,2467.8581,NULL,'2569-01-01','officer'),(894,74,13,25,2838.0368,NULL,'2569-01-01','officer'),(895,74,14,25,3208.2155,NULL,'2569-01-01','officer'),(896,74,15,25,3578.3942,NULL,'2569-01-01','officer'),(897,74,16,25,3948.5730,NULL,'2569-01-01','officer'),(898,74,17,25,4318.7517,NULL,'2569-01-01','officer'),(899,74,18,25,2467.8581,NULL,'2569-01-01','officer'),(901,75,1,25,2838.0368,NULL,'2569-01-01','officer'),(902,75,2,25,3208.2155,NULL,'2569-01-01','officer'),(903,75,3,25,3578.3942,NULL,'2569-01-01','officer'),(904,75,4,25,3948.5730,NULL,'2569-01-01','officer'),(905,75,5,25,4318.7517,NULL,'2569-01-01','officer'),(906,75,6,25,2467.8581,NULL,'2569-01-01','officer'),(907,75,7,25,2838.0368,NULL,'2569-01-01','officer'),(908,75,8,25,3208.2155,NULL,'2569-01-01','officer'),(909,75,10,25,3948.5730,NULL,'2569-01-01','officer'),(910,75,11,25,4318.7517,NULL,'2569-01-01','officer'),(911,75,12,25,2467.8581,NULL,'2569-01-01','officer'),(912,75,13,25,2838.0368,NULL,'2569-01-01','officer'),(913,75,14,25,3208.2155,NULL,'2569-01-01','officer'),(914,75,15,25,3578.3942,NULL,'2569-01-01','officer'),(915,75,16,25,3948.5730,NULL,'2569-01-01','officer'),(916,75,17,25,4318.7517,NULL,'2569-01-01','officer'),(917,75,18,25,2467.8581,NULL,'2569-01-01','officer');
/*!40000 ALTER TABLE `user_item` ENABLE KEYS */;
UNLOCK TABLES;

--
-- Table structure for table `user_item_evidence`
--

DROP TABLE IF EXISTS `user_item_evidence`;
/*!40101 SET @saved_cs_client     = @@character_set_client */;
/*!40101 SET character_set_client = utf8 */;
CREATE TABLE `user_item_evidence` (
  `id` int(11) NOT NULL AUTO_INCREMENT,
  `user_item_id` int(11) NOT NULL,
  `file_path` varchar(255) NOT NULL,
  `file_type` varchar(255) DEFAULT NULL,
  `created_at` timestamp NOT NULL DEFAULT current_timestamp(),
  PRIMARY KEY (`id`),
  KEY `user_item_id` (`user_item_id`),
  CONSTRAINT `user_item_evidence_ibfk_1` FOREIGN KEY (`user_item_id`) REFERENCES `user_item` (`id`) ON DELETE CASCADE
) ENGINE=InnoDB AUTO_INCREMENT=16 DEFAULT CHARSET=utf8mb4 COLLATE=utf8mb4_general_ci;
/*!40101 SET character_set_client = @saved_cs_client */;

--
-- Dumping data for table `user_item_evidence`
--

LOCK TABLES `user_item_evidence` WRITE;
/*!40000 ALTER TABLE `user_item_evidence` DISABLE KEYS */;
/*!40000 ALTER TABLE `user_item_evidence` ENABLE KEYS */;
UNLOCK TABLES;

--
-- Table structure for table `users`
--

DROP TABLE IF EXISTS `users`;
/*!40101 SET @saved_cs_client     = @@character_set_client */;
/*!40101 SET character_set_client = utf8 */;
CREATE TABLE `users` (
  `id` int(11) NOT NULL AUTO_INCREMENT,
  `username` varchar(50) NOT NULL,
  `password` varchar(50) NOT NULL,
  `firstname` varchar(100) NOT NULL,
  `lastname` varchar(100) NOT NULL,
  `role` enum('admin','officer','dean') DEFAULT NULL,
  `profile_image` varchar(255) DEFAULT NULL,
  `Affiliation` int(11) NOT NULL,
  `created_at` timestamp NULL DEFAULT current_timestamp(),
  `email` varchar(255) DEFAULT NULL,
  `position` varchar(255) DEFAULT NULL,
  PRIMARY KEY (`id`),
  UNIQUE KEY `username` (`username`),
  UNIQUE KEY `email` (`email`),
  KEY `fk_affiliation` (`Affiliation`),
  CONSTRAINT `fk_affiliation` FOREIGN KEY (`Affiliation`) REFERENCES `affiliation_id` (`id`) ON UPDATE CASCADE
) ENGINE=InnoDB AUTO_INCREMENT=37 DEFAULT CHARSET=utf8mb4 COLLATE=utf8mb4_general_ci;
/*!40101 SET character_set_client = @saved_cs_client */;

--
-- Dumping data for table `users`
--

LOCK TABLES `users` WRITE;
/*!40000 ALTER TABLE `users` DISABLE KEYS */;
INSERT INTO `users` VALUES (1,'user1','1234','nook','nick','admin','user_1_1775361536.jpg',1,'2025-12-31 04:21:58','kama@gmail.com',NULL),(5,'user3','1234','Dojima','Kimon','officer',NULL,1,'2026-04-21 07:27:29','Dojima@gmail.com',NULL),(6,'user_aff2','1234','เจ้าหน้าที่','คณะเทคโนโลยีสารสนเทศและการสื่อสาร','officer',NULL,2,'2026-06-29 19:05:55','user_aff2@up.ac.th',NULL),(7,'user_aff3','1234','เจ้าหน้าที่','คณะเกษตรศาสตร์และทรัพยากรธรรมชาติ','officer',NULL,3,'2026-06-29 19:05:55','user_aff3@up.ac.th',NULL),(8,'user_aff4','1234','เจ้าหน้าที่','คณะนิติศาสตร์','officer',NULL,4,'2026-06-29 19:05:55','user_aff4@up.ac.th',NULL),(9,'user_aff5','1234','เจ้าหน้าที่','คณะพลังงานและสิ่งแวดล้อม','officer',NULL,5,'2026-06-29 19:05:55','user_aff5@up.ac.th',NULL),(10,'user_aff6','1234','เจ้าหน้าที่','คณะพยาบาลศาสตร์','officer',NULL,6,'2026-06-29 19:05:55','user_aff6@up.ac.th',NULL),(11,'user_aff7','1234','เจ้าหน้าที่','คณะวิศวกรรมศาสตร์','officer',NULL,7,'2026-06-29 19:05:55','user_aff7@up.ac.th',NULL),(12,'user_aff8','1234','เจ้าหน้าที่','คณะสาธารณสุขศาสตร์','officer',NULL,8,'2026-06-29 19:05:55','user_aff8@up.ac.th',NULL),(13,'user_aff10','1234','เจ้าหน้าที่','คณะบริหารธุรกิจและนิเทศศาสตร์','officer',NULL,10,'2026-06-29 19:05:55','user_aff10@up.ac.th',NULL),(14,'user_aff11','1234','เจ้าหน้าที่','คณะแพทยศาสตร์','officer',NULL,11,'2026-06-29 19:05:55','user_aff11@up.ac.th',NULL),(15,'user_aff12','1234','เจ้าหน้าที่','คณะวิทยาศาสตร์','officer',NULL,12,'2026-06-29 19:05:55','user_aff12@up.ac.th',NULL),(16,'user_aff13','1234','เจ้าหน้าที่','คณะสถาปัตยกรรมศาสตร์และศิลปกรรมศาสตร์','officer',NULL,13,'2026-06-29 19:05:55','user_aff13@up.ac.th',NULL),(17,'user_aff14','1234','เจ้าหน้าที่','คณะศิลปศาสตร์','officer',NULL,14,'2026-06-29 19:05:55','user_aff14@up.ac.th',NULL),(18,'user_aff15','1234','เจ้าหน้าที่','คณะทันตแพทยศาสตร์','officer',NULL,15,'2026-06-29 19:05:55','user_aff15@up.ac.th',NULL),(19,'user_aff16','1234','เจ้าหน้าที่','คณะเภสัชศาสตร์','officer',NULL,16,'2026-06-29 19:05:55','user_aff16@up.ac.th',NULL),(20,'user_aff17','1234','เจ้าหน้าที่','คณะวิทยาศาสตร์การแพทย์','officer',NULL,17,'2026-06-29 19:05:55','user_aff17@up.ac.th',NULL),(21,'user_aff18','1234','เจ้าหน้าที่','คณะสหเวชศาสตร์','officer',NULL,18,'2026-06-29 19:05:55','user_aff18@up.ac.th',NULL),(22,'dean1','1234','คณบดี','ทดสอบ','dean',NULL,1,'2026-07-05 00:00:00','dean1@up.ac.th',NULL),(37,'user_aff20','1234','เจ้าหน้าที่','คณะรัฐศาสตร์และสังคมศาสตร์','officer',NULL,20,'2026-07-13 00:00:00','user_aff20@up.ac.th',NULL);
/*!40000 ALTER TABLE `users` ENABLE KEYS */;
UNLOCK TABLES;

--
-- Table structure for table `questionnaire`
--

DROP TABLE IF EXISTS `questionnaire`;
CREATE TABLE `questionnaire` (
  `id` int(11) NOT NULL AUTO_INCREMENT,
  `year_id` int(11) NOT NULL,
  `audience` varchar(50) NOT NULL DEFAULT '',
  `title` varchar(255) NOT NULL,
  `created_at` timestamp NULL DEFAULT current_timestamp(),
  PRIMARY KEY (`id`),
  UNIQUE KEY `uq_questionnaire_year_aud` (`year_id`,`audience`),
  CONSTRAINT `fk_questionnaire_year` FOREIGN KEY (`year_id`) REFERENCES `admin_year` (`id`) ON DELETE CASCADE
) ENGINE=InnoDB DEFAULT CHARSET=utf8mb4 COLLATE=utf8mb4_general_ci;

--
-- Table structure for table `questionnaire_item`
--

DROP TABLE IF EXISTS `questionnaire_item`;
CREATE TABLE `questionnaire_item` (
  `id` int(11) NOT NULL AUTO_INCREMENT,
  `questionnaire_id` int(11) NOT NULL,
  `admin_item_id` int(11) NOT NULL,
  `category` varchar(255) DEFAULT NULL,
  `label` varchar(255) NOT NULL,
  `counts_official` tinyint(1) NOT NULL DEFAULT 0,
  `order_num` int(11) NOT NULL DEFAULT 0,
  `created_at` timestamp NULL DEFAULT current_timestamp(),
  PRIMARY KEY (`id`),
  KEY `idx_qi_questionnaire` (`questionnaire_id`),
  KEY `idx_qi_admin_item` (`admin_item_id`),
  CONSTRAINT `fk_qi_questionnaire` FOREIGN KEY (`questionnaire_id`) REFERENCES `questionnaire` (`id`) ON DELETE CASCADE,
  CONSTRAINT `fk_qi_admin_item` FOREIGN KEY (`admin_item_id`) REFERENCES `admin_item` (`id`) ON DELETE CASCADE
) ENGINE=InnoDB DEFAULT CHARSET=utf8mb4 COLLATE=utf8mb4_general_ci;

--
-- Table structure for table `event`
--

DROP TABLE IF EXISTS `event`;
CREATE TABLE `event` (
  `id` int(11) NOT NULL AUTO_INCREMENT,
  `name` varchar(255) NOT NULL,
  `affiliation_id` int(11) NOT NULL,
  `organizer_name` varchar(100) DEFAULT NULL,
  `year_id` int(11) NOT NULL,
  `event_date` date DEFAULT NULL,
  `created_by` int(11) DEFAULT NULL,
  `created_at` timestamp NULL DEFAULT current_timestamp(),
  PRIMARY KEY (`id`),
  KEY `idx_event_affil_year` (`affiliation_id`,`year_id`),
  CONSTRAINT `fk_event_affil` FOREIGN KEY (`affiliation_id`) REFERENCES `affiliation_id` (`id`) ON UPDATE CASCADE,
  CONSTRAINT `fk_event_year` FOREIGN KEY (`year_id`) REFERENCES `admin_year` (`id`) ON DELETE CASCADE,
  CONSTRAINT `fk_event_user` FOREIGN KEY (`created_by`) REFERENCES `users` (`id`) ON DELETE SET NULL
) ENGINE=InnoDB DEFAULT CHARSET=utf8mb4 COLLATE=utf8mb4_general_ci;

--
-- Table structure for table `event_item`
--

DROP TABLE IF EXISTS `event_item`;
CREATE TABLE `event_item` (
  `id` int(11) NOT NULL AUTO_INCREMENT,
  `event_id` int(11) NOT NULL,
  `admin_item_id` int(11) NOT NULL,
  `Vol` decimal(13,4) NOT NULL DEFAULT 0.0000,
  PRIMARY KEY (`id`),
  KEY `idx_ei_event` (`event_id`),
  KEY `idx_ei_item` (`admin_item_id`),
  CONSTRAINT `fk_ei_event` FOREIGN KEY (`event_id`) REFERENCES `event` (`id`) ON DELETE CASCADE,
  CONSTRAINT `fk_ei_item` FOREIGN KEY (`admin_item_id`) REFERENCES `admin_item` (`id`) ON DELETE CASCADE
) ENGINE=InnoDB DEFAULT CHARSET=utf8mb4 COLLATE=utf8mb4_general_ci;

--
-- Table structure for table `survey_summary`
--

DROP TABLE IF EXISTS `survey_summary`;
CREATE TABLE `survey_summary` (
  `id` int(11) NOT NULL AUTO_INCREMENT,
  `affiliation_id` int(11) NOT NULL,
  `year_id` int(11) NOT NULL,
  `questionnaire_item_id` int(11) NOT NULL,
  `admin_item_id` int(11) NOT NULL,
  `respondents` int(11) NOT NULL DEFAULT 0,
  `avg_value` decimal(13,4) NOT NULL DEFAULT 0.0000,
  `created_by` int(11) DEFAULT NULL,
  `created_at` timestamp NULL DEFAULT current_timestamp(),
  PRIMARY KEY (`id`),
  UNIQUE KEY `uniq_survey_summary` (`affiliation_id`,`year_id`,`questionnaire_item_id`),
  KEY `idx_ss_item` (`admin_item_id`),
  CONSTRAINT `fk_ss_affil` FOREIGN KEY (`affiliation_id`) REFERENCES `affiliation_id` (`id`) ON UPDATE CASCADE,
  CONSTRAINT `fk_ss_year` FOREIGN KEY (`year_id`) REFERENCES `admin_year` (`id`) ON DELETE CASCADE,
  CONSTRAINT `fk_ss_qitem` FOREIGN KEY (`questionnaire_item_id`) REFERENCES `questionnaire_item` (`id`) ON DELETE CASCADE,
  CONSTRAINT `fk_ss_item` FOREIGN KEY (`admin_item_id`) REFERENCES `admin_item` (`id`) ON DELETE CASCADE,
  CONSTRAINT `fk_ss_user` FOREIGN KEY (`created_by`) REFERENCES `users` (`id`) ON DELETE SET NULL
) ENGINE=InnoDB DEFAULT CHARSET=utf8mb4 COLLATE=utf8mb4_general_ci;

/*!40103 SET TIME_ZONE=@OLD_TIME_ZONE */;

/*!40101 SET SQL_MODE=@OLD_SQL_MODE */;
/*!40014 SET FOREIGN_KEY_CHECKS=@OLD_FOREIGN_KEY_CHECKS */;
/*!40014 SET UNIQUE_CHECKS=@OLD_UNIQUE_CHECKS */;
/*!40111 SET SQL_NOTES=@OLD_SQL_NOTES */;

-- Dump completed on 2026-06-30  2:06:28
