-- MariaDB dump 10.19  Distrib 10.4.32-MariaDB, for Win64 (AMD64)
--
-- Host: 127.0.0.1    Database: upnetzero
-- ------------------------------------------------------
-- Server version	10.4.32-MariaDB
/*!40103 SET @OLD_TIME_ZONE=@@TIME_ZONE */;
/*!40103 SET TIME_ZONE='+00:00' */;
/*!40014 SET @OLD_UNIQUE_CHECKS=@@UNIQUE_CHECKS, UNIQUE_CHECKS=0 */;
/*!40014 SET @OLD_FOREIGN_KEY_CHECKS=@@FOREIGN_KEY_CHECKS, FOREIGN_KEY_CHECKS=0 */;
/*!40101 SET @OLD_SQL_MODE=@@SQL_MODE, SQL_MODE='NO_AUTO_VALUE_ON_ZERO' */;
/*!40111 SET @OLD_SQL_NOTES=@@SQL_NOTES, SQL_NOTES=0 */;

--
-- Current Database: `upnetzero`
--

/*!40000 DROP DATABASE IF EXISTS `upnetzero`*/;

CREATE DATABASE /*!32312 IF NOT EXISTS*/ `upnetzero` /*!40100 DEFAULT CHARACTER SET utf8mb4 COLLATE utf8mb4_general_ci */;

USE `upnetzero`;

--
-- Table structure for table `admin_g`
--

DROP TABLE IF EXISTS `admin_g`;
/*!40101 SET @saved_cs_client     = @@character_set_client */;
/*!40101 SET character_set_client = utf8 */;
CREATE TABLE `admin_g` (
  `id` int(11) NOT NULL AUTO_INCREMENT,
  `scope` int(11) DEFAULT NULL,
  `name_tiem` varchar(255) NOT NULL,
  `order_num` int(11) DEFAULT 0,
  PRIMARY KEY (`id`),
  UNIQUE KEY `name_tiem` (`name_tiem`)
) ENGINE=InnoDB AUTO_INCREMENT=19 DEFAULT CHARSET=utf8mb4 COLLATE=utf8mb4_general_ci;
/*!40101 SET character_set_client = @saved_cs_client */;

--
-- Dumping data for table `admin_g`
--

LOCK TABLES `admin_g` WRITE;
/*!40000 ALTER TABLE `admin_g` DISABLE KEYS */;
INSERT INTO `admin_g` VALUES (1,1,'การเผ่าไหม้อยู่กับที่(Stationary Combustion)',1),(2,1,'การเผาไหม้ที่มีการเคลื่อนที่ On Road (Mobile Combustion : On Road)',2),(3,1,'การเผาไหม้ที่มีการเคลื่อนที่ Off Road (Mobile Combustion : Off Road)',4),(4,2,'การใช้ไฟฟ้า (Electricity)',1),(5,3,'การซื้อวัตถุดิบและบริการ (Purchased Goods and Services)',1),(6,3,'ของเสียจากการดำเนินงาน (Waste Generated in Operations)',2);
/*!40000 ALTER TABLE `admin_g` ENABLE KEYS */;
UNLOCK TABLES;

--
-- Table structure for table `admin_item`
--

DROP TABLE IF EXISTS `admin_item`;
/*!40101 SET @saved_cs_client     = @@character_set_client */;
/*!40101 SET character_set_client = utf8 */;
CREATE TABLE `admin_item` (
  `id` int(11) NOT NULL AUTO_INCREMENT,
  `year_id` int(11) NOT NULL,
  `scope` int(11) DEFAULT NULL,
  `name_tiem` varchar(255) NOT NULL,
  `unit` varchar(255) DEFAULT NULL,
  `AD` float DEFAULT NULL,
  `created_at` timestamp NULL DEFAULT current_timestamp(),
  PRIMARY KEY (`id`),
  UNIQUE KEY `uq_scope_name` (`year_id`,`scope`,`name_tiem`),
  KEY `idx_year_scope` (`year_id`,`scope`),
  KEY `fk_admin_g_id` (`scope`),
  CONSTRAINT `fk_admin_g_id` FOREIGN KEY (`scope`) REFERENCES `admin_g` (`id`),
  CONSTRAINT `fk_admin_item_year` FOREIGN KEY (`year_id`) REFERENCES `admin_year` (`id`) ON DELETE CASCADE
) ENGINE=InnoDB AUTO_INCREMENT=76 DEFAULT CHARSET=utf8mb4 COLLATE=utf8mb4_general_ci;
/*!40101 SET character_set_client = @saved_cs_client */;

--
-- Dumping data for table `admin_item`
--

LOCK TABLES `admin_item` WRITE;
/*!40000 ALTER TABLE `admin_item` DISABLE KEYS */;
INSERT INTO `admin_item` VALUES (13,14,1,'1','1',1,'2026-03-31 15:11:33'),(14,14,2,'1','1',1,'2026-03-31 15:11:40'),(15,14,3,'1','1',1,'2026-03-31 15:11:45'),(16,14,4,'2','2',2,'2026-03-31 15:11:49'),(17,14,5,'3','3',3,'2026-03-31 15:11:55'),(18,14,6,'3','3',3,'2026-03-31 15:12:01'),(19,15,1,'11','11',11,'2026-03-31 15:13:47'),(20,15,2,'11','11',11,'2026-03-31 15:13:55'),(21,15,3,'11','11',11,'2026-03-31 15:14:00'),(22,15,4,'22','22',22,'2026-03-31 15:14:05'),(23,15,5,'33','33',33,'2026-03-31 15:14:11'),(24,15,6,'33','33',33,'2026-03-31 15:14:16'),(31,15,1,'123','123',123,'2026-04-21 05:28:29'),(32,25,1,'ดีเซล (Diesel)','L',2.7078,'2026-06-29 19:05:55'),(33,25,1,'แก๊สโซฮอล์ E10 (Gasohol 91/95)','L',1.9714,'2026-06-29 19:05:55'),(34,25,1,'เบนซิน (Gasoline)','kg',2.1894,'2026-06-29 19:05:55'),(35,25,1,'แอลพีจี (LPG)','L',3.1134,'2026-06-29 19:05:55'),(36,25,1,'ไบโอดีเซล (Biodiesel)','L',0.0102,'2026-06-29 19:05:55'),(37,25,1,'ก๊าซชีวภาพ (Biogas)','Nm3',0.0011,'2026-06-29 19:05:55'),(38,25,1,'น้ำมันเตาเกรด A (Fuel oil A)','L',3.22,'2026-06-29 19:05:55'),(39,25,1,'น้ำมันเตาเกรด C (Fuel oil C)','L',3.2457,'2026-06-29 19:05:55'),(40,25,1,'ไม้ (Wood)','kg',0.0304,'2026-06-29 19:05:55'),(41,25,1,'ชานอ้อย (Bagasse)','kg',0.0143,'2026-06-29 19:05:55'),(42,25,1,'กะลาปาล์ม (Palm kernel shell)','kg',0.0352,'2026-06-29 19:05:55'),(43,25,1,'ซังข้าว/ซังข้าวโพด (Cob)','kg',0.0319,'2026-06-29 19:05:55'),(44,25,2,'ดีเซล (Diesel)','L',2.7406,'2026-06-29 19:05:55'),(45,25,2,'แก๊สโซฮอล์ E10 (Gasohol 91/95)','L',2.0108,'2026-06-29 19:05:55'),(46,25,2,'แก๊สโซฮอล์ E20 (Gasohol: E20)','L',1.789,'2026-06-29 19:05:55'),(47,25,2,'แก๊สโซฮอล์ E85 (Gasohol: E85)','L',0.3468,'2026-06-29 19:05:55'),(48,25,2,'เบนซิน (Gasoline)','L',2.2327,'2026-06-29 19:05:55'),(49,25,2,'ก๊าซธรรมชาติ (NGV)','kg',2.2609,'2026-06-29 19:05:55'),(50,25,2,'ไบโอดีเซล (Biodiesel)','L',0.0265,'2026-06-29 19:05:55'),(51,25,2,'เอทานอล (Ethanol)','L',0.014,'2026-06-29 19:05:55'),(52,25,2,'ก๊าซชีวภาพ (Biogas)','kg',0.0084,'2026-06-29 19:05:55'),(53,25,3,'ดีเซล (Diesel)','L',2.9793,'2026-06-29 19:05:55'),(54,25,3,'แก๊สโซฮอล์ E10 (Gasohol 91/95)','L',2.3116,'2026-06-29 19:05:55'),(55,25,3,'แอลพีจี (LPG)','kg',3.1134,'2026-06-29 19:05:55'),(56,25,3,'ไบโอดีเซล (Biodiesel)','L',0.0265,'2026-06-29 19:05:55'),(57,25,4,'ไฟฟ้าที่ซื้อจากระบบสายส่ง (MEA/PEA)','kWh',0.4999,'2026-06-29 19:05:55'),(58,25,4,'ไฟฟ้าจากโซลาร์เซลล์ที่องค์กรผลิตเอง','kWh',0,'2026-06-29 19:05:55'),(59,25,4,'ไฟฟ้าจากโซลาร์เซลล์ที่ซื้อมาจากหน่วยงานภายนอก','kWh',0,'2026-06-29 19:05:55'),(60,25,4,'ไฟฟ้าจากพลังงานลม (Wind) ที่องค์กรผลิตเอง','kWh',0,'2026-06-29 19:05:55'),(61,25,4,'ไฟฟ้าจากพลังงานลม (Wind) ที่ซื้อมาจากหน่วยงานภายนอก','kWh',0,'2026-06-29 19:05:55'),(62,25,5,'กระดาษพิมพ์เขียนแบบไม่เคลือบผิว','แผ่น',0.0105,'2026-06-29 19:05:55'),(63,25,5,'กระดาษพิมพ์เขียนแบบเคลือบผิว','แผ่น',0.0108,'2026-06-29 19:05:55'),(64,25,5,'น้ำจากการประปานครหลวง','m3',0.7948,'2026-06-29 19:05:55'),(65,25,5,'น้ำจากการประปาจากภูมิภาค','m3',0.541,'2026-06-29 19:05:55'),(66,25,5,'อุปกรณ์สำนักงาน','บาท',0.0024,'2026-06-29 19:05:55'),(67,25,5,'เฟอร์นิเจอร์สำนักงาน (ยกเว้นเฟอร์นิเจอร์ที่ทำจากไม้)','บาท',0.0088,'2026-06-29 19:05:55'),(68,25,5,'คอมพิวเตอร์','บาท',0.0024,'2026-06-29 19:05:55'),(69,25,6,'กระดาษพิมพ์เขียนแบบไม่เคลือบผิว','แผ่น',0.0105,'2026-06-29 19:05:55'),(70,25,6,'กระดาษพิมพ์เขียนแบบเคลือบผิว','แผ่น',0.0108,'2026-06-29 19:05:55'),(71,25,6,'น้ำจากการประปานครหลวง','m3',0.7948,'2026-06-29 19:05:55'),(72,25,6,'น้ำจากการประปาจากภูมิภาค','m3',0.541,'2026-06-29 19:05:55'),(73,25,6,'อุปกรณ์สำนักงาน','บาท',0.0024,'2026-06-29 19:05:55'),(74,25,6,'เฟอร์นิเจอร์สำนักงาน (ยกเว้นเฟอร์นิเจอร์ที่ทำจากไม้)','บาท',0.0088,'2026-06-29 19:05:55'),(75,25,6,'คอมพิวเตอร์','บาท',0.0024,'2026-06-29 19:05:55');
/*!40000 ALTER TABLE `admin_item` ENABLE KEYS */;
UNLOCK TABLES;

--
-- Table structure for table `admin_year`
--

DROP TABLE IF EXISTS `admin_year`;
/*!40101 SET @saved_cs_client     = @@character_set_client */;
/*!40101 SET character_set_client = utf8 */;
CREATE TABLE `admin_year` (
  `id` int(11) NOT NULL AUTO_INCREMENT,
  `year` int(11) NOT NULL,
  `created_at` timestamp NULL DEFAULT current_timestamp(),
  PRIMARY KEY (`id`),
  UNIQUE KEY `uniq_year` (`year`)
) ENGINE=InnoDB AUTO_INCREMENT=26 DEFAULT CHARSET=utf8mb4 COLLATE=utf8mb4_general_ci;
/*!40101 SET character_set_client = @saved_cs_client */;

--
-- Dumping data for table `admin_year`
--

LOCK TABLES `admin_year` WRITE;
/*!40000 ALTER TABLE `admin_year` DISABLE KEYS */;
INSERT INTO `admin_year` VALUES (14,2567,'2026-03-31 15:08:05'),(15,2568,'2026-03-31 15:12:09'),(25,2569,'2026-04-10 04:56:04');
/*!40000 ALTER TABLE `admin_year` ENABLE KEYS */;
UNLOCK TABLES;

--
-- Table structure for table `affiliation_id`
--

DROP TABLE IF EXISTS `affiliation_id`;
/*!40101 SET @saved_cs_client     = @@character_set_client */;
/*!40101 SET character_set_client = utf8 */;
CREATE TABLE `affiliation_id` (
  `id` int(11) NOT NULL AUTO_INCREMENT,
  `affiliation_item` varchar(255) NOT NULL,
  PRIMARY KEY (`id`)
) ENGINE=InnoDB AUTO_INCREMENT=20 DEFAULT CHARSET=utf8mb4 COLLATE=utf8mb4_general_ci;
/*!40101 SET character_set_client = @saved_cs_client */;

--
-- Dumping data for table `affiliation_id`
--

LOCK TABLES `affiliation_id` WRITE;
/*!40000 ALTER TABLE `affiliation_id` DISABLE KEYS */;
INSERT INTO `affiliation_id` VALUES (1,'ศูนย์สิ่งแวดล้อม'),(2,'คณะเทคโนโลยีสารสนเทศและการสื่อสาร'),(3,'คณะเกษตรศาสตร์และทรัพยากรธรรมชาติ'),(4,'คณะนิติศาสตร์'),(5,'คณะพลังงานและสิ่งแวดล้อม'),(6,'คณะพยาบาลศาสตร์'),(7,'คณะวิศวกรรมศาสตร์'),(8,'คณะสาธารณสุขศาสตร์'),(10,'คณะบริหารธุรกิจและนิเทศศาสตร์'),(11,'คณะแพทยศาสตร์'),(12,'คณะวิทยาศาสตร์'),(13,'คณะสถาปัตยกรรมศาสตร์และศิลปกรรมศาสตร์'),(14,'คณะศิลปศาสตร์'),(15,'คณะทันตแพทยศาสตร์'),(16,'คณะเภสัชศาสตร์'),(17,'คณะวิทยาศาสตร์การแพทย์'),(18,'คณะสหเวชศาสตร์'),(19,'โรงเรียนสาธิตมหาวิทยาลัยพะเยา');
/*!40000 ALTER TABLE `affiliation_id` ENABLE KEYS */;
UNLOCK TABLES;

--
-- Table structure for table `user_item`
--

DROP TABLE IF EXISTS `user_item`;
/*!40101 SET @saved_cs_client     = @@character_set_client */;
/*!40101 SET character_set_client = utf8 */;
CREATE TABLE `user_item` (
  `id` int(11) NOT NULL AUTO_INCREMENT,
  `admin_item_id` int(11) NOT NULL,
  `affiliation_id` int(11) NOT NULL,
  `year_id` int(11) NOT NULL,
  `Vol` decimal(13,4) DEFAULT 0.0000,
  `pdf_import` text DEFAULT NULL,
  `create_year` date NOT NULL,
  PRIMARY KEY (`id`),
  UNIQUE KEY `uniq_user_item` (`admin_item_id`,`affiliation_id`,`year_id`),
  UNIQUE KEY `unique_item` (`admin_item_id`,`affiliation_id`,`year_id`),
  KEY `idx_affiliation_year` (`affiliation_id`,`year_id`),
  KEY `fk_user_year` (`year_id`),
  CONSTRAINT `fk_user_admin_item` FOREIGN KEY (`admin_item_id`) REFERENCES `admin_item` (`id`) ON DELETE CASCADE,
  CONSTRAINT `fk_user_affiliation` FOREIGN KEY (`affiliation_id`) REFERENCES `affiliation_id` (`id`) ON UPDATE CASCADE,
  CONSTRAINT `fk_user_year` FOREIGN KEY (`year_id`) REFERENCES `admin_year` (`id`) ON DELETE CASCADE
) ENGINE=InnoDB AUTO_INCREMENT=1150 DEFAULT CHARSET=utf8mb4 COLLATE=utf8mb4_general_ci;
/*!40101 SET character_set_client = @saved_cs_client */;

--
-- Dumping data for table `user_item`
--

LOCK TABLES `user_item` WRITE;
/*!40000 ALTER TABLE `user_item` DISABLE KEYS */;
INSERT INTO `user_item` VALUES (24,13,2,14,500.0000,'','2026-03-31'),(25,14,2,14,247.0000,'','2026-03-31'),(26,15,2,14,250.0000,'','2026-03-31'),(27,16,2,14,500.0000,'','2026-03-31'),(28,17,2,14,250.0000,'','2026-03-31'),(29,18,2,14,250.0000,'','2026-03-31'),(66,19,2,15,1000000.0000,NULL,'2026-04-16'),(67,20,2,15,999999.1111,NULL,'2026-04-10'),(68,21,2,15,1000000.0000,NULL,'2026-04-10'),(69,22,2,15,0.0000,NULL,'0000-00-00'),(70,23,2,15,0.0000,NULL,'0000-00-00'),(71,24,2,15,0.0000,NULL,'0000-00-00'),(101,19,13,15,123.0000,NULL,'2026-04-21'),(102,31,13,15,123.0000,NULL,'2026-04-21'),(103,20,13,15,0.0000,NULL,'0000-00-00'),(104,21,13,15,0.0000,NULL,'0000-00-00'),(105,22,13,15,0.0000,NULL,'0000-00-00'),(106,23,13,15,0.0000,NULL,'0000-00-00'),(107,24,13,15,0.0000,NULL,'0000-00-00'),(118,19,1,15,1000.0000,NULL,'2026-04-25'),(119,31,1,15,10000.0000,NULL,'2026-04-25'),(120,20,1,15,0.0000,NULL,'0000-00-00'),(121,21,1,15,0.0000,NULL,'0000-00-00'),(122,22,1,15,0.0000,NULL,'0000-00-00'),(123,23,1,15,0.0000,NULL,'0000-00-00'),(124,24,1,15,0.0000,NULL,'0000-00-00'),(127,32,1,25,28.3804,NULL,'2569-01-01'),(128,32,2,25,32.0822,NULL,'2569-01-01'),(129,32,3,25,35.7839,NULL,'2569-01-01'),(130,32,4,25,39.4857,NULL,'2569-01-01'),(131,32,5,25,43.1875,NULL,'2569-01-01'),(132,32,6,25,24.6786,NULL,'2569-01-01'),(133,32,7,25,28.3804,NULL,'2569-01-01'),(134,32,8,25,32.0822,NULL,'2569-01-01'),(135,32,10,25,39.4857,NULL,'2569-01-01'),(136,32,11,25,43.1875,NULL,'2569-01-01'),(137,32,12,25,24.6786,NULL,'2569-01-01'),(138,32,13,25,28.3804,NULL,'2569-01-01'),(139,32,14,25,32.0822,NULL,'2569-01-01'),(140,32,15,25,35.7839,NULL,'2569-01-01'),(141,32,16,25,39.4857,NULL,'2569-01-01'),(142,32,17,25,43.1875,NULL,'2569-01-01'),(143,32,18,25,24.6786,NULL,'2569-01-01'),(144,32,19,25,28.3804,NULL,'2569-01-01'),(145,33,1,25,28.3804,NULL,'2569-01-01'),(146,33,2,25,32.0822,NULL,'2569-01-01'),(147,33,3,25,35.7839,NULL,'2569-01-01'),(148,33,4,25,39.4857,NULL,'2569-01-01'),(149,33,5,25,43.1875,NULL,'2569-01-01'),(150,33,6,25,24.6786,NULL,'2569-01-01'),(151,33,7,25,28.3804,NULL,'2569-01-01'),(152,33,8,25,32.0822,NULL,'2569-01-01'),(153,33,10,25,39.4857,NULL,'2569-01-01'),(154,33,11,25,43.1875,NULL,'2569-01-01'),(155,33,12,25,24.6786,NULL,'2569-01-01'),(156,33,13,25,28.3804,NULL,'2569-01-01'),(157,33,14,25,32.0822,NULL,'2569-01-01'),(158,33,15,25,35.7839,NULL,'2569-01-01'),(159,33,16,25,39.4857,NULL,'2569-01-01'),(160,33,17,25,43.1875,NULL,'2569-01-01'),(161,33,18,25,24.6786,NULL,'2569-01-01'),(162,33,19,25,28.3804,NULL,'2569-01-01'),(163,34,1,25,11.3521,NULL,'2569-01-01'),(164,34,2,25,12.8329,NULL,'2569-01-01'),(165,34,3,25,14.3136,NULL,'2569-01-01'),(166,34,4,25,15.7943,NULL,'2569-01-01'),(167,34,5,25,17.2750,NULL,'2569-01-01'),(168,34,6,25,9.8714,NULL,'2569-01-01'),(169,34,7,25,11.3521,NULL,'2569-01-01'),(170,34,8,25,12.8329,NULL,'2569-01-01'),(171,34,10,25,15.7943,NULL,'2569-01-01'),(172,34,11,25,17.2750,NULL,'2569-01-01'),(173,34,12,25,9.8714,NULL,'2569-01-01'),(174,34,13,25,11.3521,NULL,'2569-01-01'),(175,34,14,25,12.8329,NULL,'2569-01-01'),(176,34,15,25,14.3136,NULL,'2569-01-01'),(177,34,16,25,15.7943,NULL,'2569-01-01'),(178,34,17,25,17.2750,NULL,'2569-01-01'),(179,34,18,25,9.8714,NULL,'2569-01-01'),(180,34,19,25,11.3521,NULL,'2569-01-01'),(181,35,1,25,28.3804,NULL,'2569-01-01'),(182,35,2,25,32.0822,NULL,'2569-01-01'),(183,35,3,25,35.7839,NULL,'2569-01-01'),(184,35,4,25,39.4857,NULL,'2569-01-01'),(185,35,5,25,43.1875,NULL,'2569-01-01'),(186,35,6,25,24.6786,NULL,'2569-01-01'),(187,35,7,25,28.3804,NULL,'2569-01-01'),(188,35,8,25,32.0822,NULL,'2569-01-01'),(189,35,10,25,39.4857,NULL,'2569-01-01'),(190,35,11,25,43.1875,NULL,'2569-01-01'),(191,35,12,25,24.6786,NULL,'2569-01-01'),(192,35,13,25,28.3804,NULL,'2569-01-01'),(193,35,14,25,32.0822,NULL,'2569-01-01'),(194,35,15,25,35.7839,NULL,'2569-01-01'),(195,35,16,25,39.4857,NULL,'2569-01-01'),(196,35,17,25,43.1875,NULL,'2569-01-01'),(197,35,18,25,24.6786,NULL,'2569-01-01'),(198,35,19,25,28.3804,NULL,'2569-01-01'),(199,36,1,25,28.3804,NULL,'2569-01-01'),(200,36,2,25,32.0822,NULL,'2569-01-01'),(201,36,3,25,35.7839,NULL,'2569-01-01'),(202,36,4,25,39.4857,NULL,'2569-01-01'),(203,36,5,25,43.1875,NULL,'2569-01-01'),(204,36,6,25,24.6786,NULL,'2569-01-01'),(205,36,7,25,28.3804,NULL,'2569-01-01'),(206,36,8,25,32.0822,NULL,'2569-01-01'),(207,36,10,25,39.4857,NULL,'2569-01-01'),(208,36,11,25,43.1875,NULL,'2569-01-01'),(209,36,12,25,24.6786,NULL,'2569-01-01'),(210,36,13,25,28.3804,NULL,'2569-01-01'),(211,36,14,25,32.0822,NULL,'2569-01-01'),(212,36,15,25,35.7839,NULL,'2569-01-01'),(213,36,16,25,39.4857,NULL,'2569-01-01'),(214,36,17,25,43.1875,NULL,'2569-01-01'),(215,36,18,25,24.6786,NULL,'2569-01-01'),(216,36,19,25,28.3804,NULL,'2569-01-01'),(217,37,1,25,5.6761,NULL,'2569-01-01'),(218,37,2,25,6.4164,NULL,'2569-01-01'),(219,37,3,25,7.1568,NULL,'2569-01-01'),(220,37,4,25,7.8971,NULL,'2569-01-01'),(221,37,5,25,8.6375,NULL,'2569-01-01'),(222,37,6,25,4.9357,NULL,'2569-01-01'),(223,37,7,25,5.6761,NULL,'2569-01-01'),(224,37,8,25,6.4164,NULL,'2569-01-01'),(225,37,10,25,7.8971,NULL,'2569-01-01'),(226,37,11,25,8.6375,NULL,'2569-01-01'),(227,37,12,25,4.9357,NULL,'2569-01-01'),(228,37,13,25,5.6761,NULL,'2569-01-01'),(229,37,14,25,6.4164,NULL,'2569-01-01'),(230,37,15,25,7.1568,NULL,'2569-01-01'),(231,37,16,25,7.8971,NULL,'2569-01-01'),(232,37,17,25,8.6375,NULL,'2569-01-01'),(233,37,18,25,4.9357,NULL,'2569-01-01'),(234,37,19,25,5.6761,NULL,'2569-01-01'),(235,38,1,25,28.3804,NULL,'2569-01-01'),(236,38,2,25,32.0822,NULL,'2569-01-01'),(237,38,3,25,35.7839,NULL,'2569-01-01'),(238,38,4,25,39.4857,NULL,'2569-01-01'),(239,38,5,25,43.1875,NULL,'2569-01-01'),(240,38,6,25,24.6786,NULL,'2569-01-01'),(241,38,7,25,28.3804,NULL,'2569-01-01'),(242,38,8,25,32.0822,NULL,'2569-01-01'),(243,38,10,25,39.4857,NULL,'2569-01-01'),(244,38,11,25,43.1875,NULL,'2569-01-01'),(245,38,12,25,24.6786,NULL,'2569-01-01'),(246,38,13,25,28.3804,NULL,'2569-01-01'),(247,38,14,25,32.0822,NULL,'2569-01-01'),(248,38,15,25,35.7839,NULL,'2569-01-01'),(249,38,16,25,39.4857,NULL,'2569-01-01'),(250,38,17,25,43.1875,NULL,'2569-01-01'),(251,38,18,25,24.6786,NULL,'2569-01-01'),(252,38,19,25,28.3804,NULL,'2569-01-01'),(253,39,1,25,28.3804,NULL,'2569-01-01'),(254,39,2,25,32.0822,NULL,'2569-01-01'),(255,39,3,25,35.7839,NULL,'2569-01-01'),(256,39,4,25,39.4857,NULL,'2569-01-01'),(257,39,5,25,43.1875,NULL,'2569-01-01'),(258,39,6,25,24.6786,NULL,'2569-01-01'),(259,39,7,25,28.3804,NULL,'2569-01-01'),(260,39,8,25,32.0822,NULL,'2569-01-01'),(261,39,10,25,39.4857,NULL,'2569-01-01'),(262,39,11,25,43.1875,NULL,'2569-01-01'),(263,39,12,25,24.6786,NULL,'2569-01-01'),(264,39,13,25,28.3804,NULL,'2569-01-01'),(265,39,14,25,32.0822,NULL,'2569-01-01'),(266,39,15,25,35.7839,NULL,'2569-01-01'),(267,39,16,25,39.4857,NULL,'2569-01-01'),(268,39,17,25,43.1875,NULL,'2569-01-01'),(269,39,18,25,24.6786,NULL,'2569-01-01'),(270,39,19,25,28.3804,NULL,'2569-01-01'),(271,40,1,25,11.3521,NULL,'2569-01-01'),(272,40,2,25,12.8329,NULL,'2569-01-01'),(273,40,3,25,14.3136,NULL,'2569-01-01'),(274,40,4,25,15.7943,NULL,'2569-01-01'),(275,40,5,25,17.2750,NULL,'2569-01-01'),(276,40,6,25,9.8714,NULL,'2569-01-01'),(277,40,7,25,11.3521,NULL,'2569-01-01'),(278,40,8,25,12.8329,NULL,'2569-01-01'),(279,40,10,25,15.7943,NULL,'2569-01-01'),(280,40,11,25,17.2750,NULL,'2569-01-01'),(281,40,12,25,9.8714,NULL,'2569-01-01'),(282,40,13,25,11.3521,NULL,'2569-01-01'),(283,40,14,25,12.8329,NULL,'2569-01-01'),(284,40,15,25,14.3136,NULL,'2569-01-01'),(285,40,16,25,15.7943,NULL,'2569-01-01'),(286,40,17,25,17.2750,NULL,'2569-01-01'),(287,40,18,25,9.8714,NULL,'2569-01-01'),(288,40,19,25,11.3521,NULL,'2569-01-01'),(289,41,1,25,11.3521,NULL,'2569-01-01'),(290,41,2,25,12.8329,NULL,'2569-01-01'),(291,41,3,25,14.3136,NULL,'2569-01-01'),(292,41,4,25,15.7943,NULL,'2569-01-01'),(293,41,5,25,17.2750,NULL,'2569-01-01'),(294,41,6,25,9.8714,NULL,'2569-01-01'),(295,41,7,25,11.3521,NULL,'2569-01-01'),(296,41,8,25,12.8329,NULL,'2569-01-01'),(297,41,10,25,15.7943,NULL,'2569-01-01'),(298,41,11,25,17.2750,NULL,'2569-01-01'),(299,41,12,25,9.8714,NULL,'2569-01-01'),(300,41,13,25,11.3521,NULL,'2569-01-01'),(301,41,14,25,12.8329,NULL,'2569-01-01'),(302,41,15,25,14.3136,NULL,'2569-01-01'),(303,41,16,25,15.7943,NULL,'2569-01-01'),(304,41,17,25,17.2750,NULL,'2569-01-01'),(305,41,18,25,9.8714,NULL,'2569-01-01'),(306,41,19,25,11.3521,NULL,'2569-01-01'),(307,42,1,25,11.3521,NULL,'2569-01-01'),(308,42,2,25,12.8329,NULL,'2569-01-01'),(309,42,3,25,14.3136,NULL,'2569-01-01'),(310,42,4,25,15.7943,NULL,'2569-01-01'),(311,42,5,25,17.2750,NULL,'2569-01-01'),(312,42,6,25,9.8714,NULL,'2569-01-01'),(313,42,7,25,11.3521,NULL,'2569-01-01'),(314,42,8,25,12.8329,NULL,'2569-01-01'),(315,42,10,25,15.7943,NULL,'2569-01-01'),(316,42,11,25,17.2750,NULL,'2569-01-01'),(317,42,12,25,9.8714,NULL,'2569-01-01'),(318,42,13,25,11.3521,NULL,'2569-01-01'),(319,42,14,25,12.8329,NULL,'2569-01-01'),(320,42,15,25,14.3136,NULL,'2569-01-01'),(321,42,16,25,15.7943,NULL,'2569-01-01'),(322,42,17,25,17.2750,NULL,'2569-01-01'),(323,42,18,25,9.8714,NULL,'2569-01-01'),(324,42,19,25,11.3521,NULL,'2569-01-01'),(325,43,1,25,11.3521,NULL,'2569-01-01'),(326,43,2,25,12.8329,NULL,'2569-01-01'),(327,43,3,25,14.3136,NULL,'2569-01-01'),(328,43,4,25,15.7943,NULL,'2569-01-01'),(329,43,5,25,17.2750,NULL,'2569-01-01'),(330,43,6,25,9.8714,NULL,'2569-01-01'),(331,43,7,25,11.3521,NULL,'2569-01-01'),(332,43,8,25,12.8329,NULL,'2569-01-01'),(333,43,10,25,15.7943,NULL,'2569-01-01'),(334,43,11,25,17.2750,NULL,'2569-01-01'),(335,43,12,25,9.8714,NULL,'2569-01-01'),(336,43,13,25,11.3521,NULL,'2569-01-01'),(337,43,14,25,12.8329,NULL,'2569-01-01'),(338,43,15,25,14.3136,NULL,'2569-01-01'),(339,43,16,25,15.7943,NULL,'2569-01-01'),(340,43,17,25,17.2750,NULL,'2569-01-01'),(341,43,18,25,9.8714,NULL,'2569-01-01'),(342,43,19,25,11.3521,NULL,'2569-01-01'),(343,44,1,25,28.3804,NULL,'2569-01-01'),(344,44,2,25,32.0822,NULL,'2569-01-01'),(345,44,3,25,35.7839,NULL,'2569-01-01'),(346,44,4,25,39.4857,NULL,'2569-01-01'),(347,44,5,25,43.1875,NULL,'2569-01-01'),(348,44,6,25,24.6786,NULL,'2569-01-01'),(349,44,7,25,28.3804,NULL,'2569-01-01'),(350,44,8,25,32.0822,NULL,'2569-01-01'),(351,44,10,25,39.4857,NULL,'2569-01-01'),(352,44,11,25,43.1875,NULL,'2569-01-01'),(353,44,12,25,24.6786,NULL,'2569-01-01'),(354,44,13,25,28.3804,NULL,'2569-01-01'),(355,44,14,25,32.0822,NULL,'2569-01-01'),(356,44,15,25,35.7839,NULL,'2569-01-01'),(357,44,16,25,39.4857,NULL,'2569-01-01'),(358,44,17,25,43.1875,NULL,'2569-01-01'),(359,44,18,25,24.6786,NULL,'2569-01-01'),(360,44,19,25,28.3804,NULL,'2569-01-01'),(361,45,1,25,28.3804,NULL,'2569-01-01'),(362,45,2,25,32.0822,NULL,'2569-01-01'),(363,45,3,25,35.7839,NULL,'2569-01-01'),(364,45,4,25,39.4857,NULL,'2569-01-01'),(365,45,5,25,43.1875,NULL,'2569-01-01'),(366,45,6,25,24.6786,NULL,'2569-01-01'),(367,45,7,25,28.3804,NULL,'2569-01-01'),(368,45,8,25,32.0822,NULL,'2569-01-01'),(369,45,10,25,39.4857,NULL,'2569-01-01'),(370,45,11,25,43.1875,NULL,'2569-01-01'),(371,45,12,25,24.6786,NULL,'2569-01-01'),(372,45,13,25,28.3804,NULL,'2569-01-01'),(373,45,14,25,32.0822,NULL,'2569-01-01'),(374,45,15,25,35.7839,NULL,'2569-01-01'),(375,45,16,25,39.4857,NULL,'2569-01-01'),(376,45,17,25,43.1875,NULL,'2569-01-01'),(377,45,18,25,24.6786,NULL,'2569-01-01'),(378,45,19,25,28.3804,NULL,'2569-01-01'),(379,46,1,25,28.3804,NULL,'2569-01-01'),(380,46,2,25,32.0822,NULL,'2569-01-01'),(381,46,3,25,35.7839,NULL,'2569-01-01'),(382,46,4,25,39.4857,NULL,'2569-01-01'),(383,46,5,25,43.1875,NULL,'2569-01-01'),(384,46,6,25,24.6786,NULL,'2569-01-01'),(385,46,7,25,28.3804,NULL,'2569-01-01'),(386,46,8,25,32.0822,NULL,'2569-01-01'),(387,46,10,25,39.4857,NULL,'2569-01-01'),(388,46,11,25,43.1875,NULL,'2569-01-01'),(389,46,12,25,24.6786,NULL,'2569-01-01'),(390,46,13,25,28.3804,NULL,'2569-01-01'),(391,46,14,25,32.0822,NULL,'2569-01-01'),(392,46,15,25,35.7839,NULL,'2569-01-01'),(393,46,16,25,39.4857,NULL,'2569-01-01'),(394,46,17,25,43.1875,NULL,'2569-01-01'),(395,46,18,25,24.6786,NULL,'2569-01-01'),(396,46,19,25,28.3804,NULL,'2569-01-01'),(397,47,1,25,28.3804,NULL,'2569-01-01'),(398,47,2,25,32.0822,NULL,'2569-01-01'),(399,47,3,25,35.7839,NULL,'2569-01-01'),(400,47,4,25,39.4857,NULL,'2569-01-01'),(401,47,5,25,43.1875,NULL,'2569-01-01'),(402,47,6,25,24.6786,NULL,'2569-01-01'),(403,47,7,25,28.3804,NULL,'2569-01-01'),(404,47,8,25,32.0822,NULL,'2569-01-01'),(405,47,10,25,39.4857,NULL,'2569-01-01'),(406,47,11,25,43.1875,NULL,'2569-01-01'),(407,47,12,25,24.6786,NULL,'2569-01-01'),(408,47,13,25,28.3804,NULL,'2569-01-01'),(409,47,14,25,32.0822,NULL,'2569-01-01'),(410,47,15,25,35.7839,NULL,'2569-01-01'),(411,47,16,25,39.4857,NULL,'2569-01-01'),(412,47,17,25,43.1875,NULL,'2569-01-01'),(413,47,18,25,24.6786,NULL,'2569-01-01'),(414,47,19,25,28.3804,NULL,'2569-01-01'),(415,48,1,25,28.3804,NULL,'2569-01-01'),(416,48,2,25,32.0822,NULL,'2569-01-01'),(417,48,3,25,35.7839,NULL,'2569-01-01'),(418,48,4,25,39.4857,NULL,'2569-01-01'),(419,48,5,25,43.1875,NULL,'2569-01-01'),(420,48,6,25,24.6786,NULL,'2569-01-01'),(421,48,7,25,28.3804,NULL,'2569-01-01'),(422,48,8,25,32.0822,NULL,'2569-01-01'),(423,48,10,25,39.4857,NULL,'2569-01-01'),(424,48,11,25,43.1875,NULL,'2569-01-01'),(425,48,12,25,24.6786,NULL,'2569-01-01'),(426,48,13,25,28.3804,NULL,'2569-01-01'),(427,48,14,25,32.0822,NULL,'2569-01-01'),(428,48,15,25,35.7839,NULL,'2569-01-01'),(429,48,16,25,39.4857,NULL,'2569-01-01'),(430,48,17,25,43.1875,NULL,'2569-01-01'),(431,48,18,25,24.6786,NULL,'2569-01-01'),(432,48,19,25,28.3804,NULL,'2569-01-01'),(433,49,1,25,11.3521,NULL,'2569-01-01'),(434,49,2,25,12.8329,NULL,'2569-01-01'),(435,49,3,25,14.3136,NULL,'2569-01-01'),(436,49,4,25,15.7943,NULL,'2569-01-01'),(437,49,5,25,17.2750,NULL,'2569-01-01'),(438,49,6,25,9.8714,NULL,'2569-01-01'),(439,49,7,25,11.3521,NULL,'2569-01-01'),(440,49,8,25,12.8329,NULL,'2569-01-01'),(441,49,10,25,15.7943,NULL,'2569-01-01'),(442,49,11,25,17.2750,NULL,'2569-01-01'),(443,49,12,25,9.8714,NULL,'2569-01-01'),(444,49,13,25,11.3521,NULL,'2569-01-01'),(445,49,14,25,12.8329,NULL,'2569-01-01'),(446,49,15,25,14.3136,NULL,'2569-01-01'),(447,49,16,25,15.7943,NULL,'2569-01-01'),(448,49,17,25,17.2750,NULL,'2569-01-01'),(449,49,18,25,9.8714,NULL,'2569-01-01'),(450,49,19,25,11.3521,NULL,'2569-01-01'),(451,50,1,25,28.3804,NULL,'2569-01-01'),(452,50,2,25,32.0822,NULL,'2569-01-01'),(453,50,3,25,35.7839,NULL,'2569-01-01'),(454,50,4,25,39.4857,NULL,'2569-01-01'),(455,50,5,25,43.1875,NULL,'2569-01-01'),(456,50,6,25,24.6786,NULL,'2569-01-01'),(457,50,7,25,28.3804,NULL,'2569-01-01'),(458,50,8,25,32.0822,NULL,'2569-01-01'),(459,50,10,25,39.4857,NULL,'2569-01-01'),(460,50,11,25,43.1875,NULL,'2569-01-01'),(461,50,12,25,24.6786,NULL,'2569-01-01'),(462,50,13,25,28.3804,NULL,'2569-01-01'),(463,50,14,25,32.0822,NULL,'2569-01-01'),(464,50,15,25,35.7839,NULL,'2569-01-01'),(465,50,16,25,39.4857,NULL,'2569-01-01'),(466,50,17,25,43.1875,NULL,'2569-01-01'),(467,50,18,25,24.6786,NULL,'2569-01-01'),(468,50,19,25,28.3804,NULL,'2569-01-01'),(469,51,1,25,28.3804,NULL,'2569-01-01'),(470,51,2,25,32.0822,NULL,'2569-01-01'),(471,51,3,25,35.7839,NULL,'2569-01-01'),(472,51,4,25,39.4857,NULL,'2569-01-01'),(473,51,5,25,43.1875,NULL,'2569-01-01'),(474,51,6,25,24.6786,NULL,'2569-01-01'),(475,51,7,25,28.3804,NULL,'2569-01-01'),(476,51,8,25,32.0822,NULL,'2569-01-01'),(477,51,10,25,39.4857,NULL,'2569-01-01'),(478,51,11,25,43.1875,NULL,'2569-01-01'),(479,51,12,25,24.6786,NULL,'2569-01-01'),(480,51,13,25,28.3804,NULL,'2569-01-01'),(481,51,14,25,32.0822,NULL,'2569-01-01'),(482,51,15,25,35.7839,NULL,'2569-01-01'),(483,51,16,25,39.4857,NULL,'2569-01-01'),(484,51,17,25,43.1875,NULL,'2569-01-01'),(485,51,18,25,24.6786,NULL,'2569-01-01'),(486,51,19,25,28.3804,NULL,'2569-01-01'),(487,52,1,25,11.3521,NULL,'2569-01-01'),(488,52,2,25,12.8329,NULL,'2569-01-01'),(489,52,3,25,14.3136,NULL,'2569-01-01'),(490,52,4,25,15.7943,NULL,'2569-01-01'),(491,52,5,25,17.2750,NULL,'2569-01-01'),(492,52,6,25,9.8714,NULL,'2569-01-01'),(493,52,7,25,11.3521,NULL,'2569-01-01'),(494,52,8,25,12.8329,NULL,'2569-01-01'),(495,52,10,25,15.7943,NULL,'2569-01-01'),(496,52,11,25,17.2750,NULL,'2569-01-01'),(497,52,12,25,9.8714,NULL,'2569-01-01'),(498,52,13,25,11.3521,NULL,'2569-01-01'),(499,52,14,25,12.8329,NULL,'2569-01-01'),(500,52,15,25,14.3136,NULL,'2569-01-01'),(501,52,16,25,15.7943,NULL,'2569-01-01'),(502,52,17,25,17.2750,NULL,'2569-01-01'),(503,52,18,25,9.8714,NULL,'2569-01-01'),(504,52,19,25,11.3521,NULL,'2569-01-01'),(505,53,1,25,28.3804,NULL,'2569-01-01'),(506,53,2,25,32.0822,NULL,'2569-01-01'),(507,53,3,25,35.7839,NULL,'2569-01-01'),(508,53,4,25,39.4857,NULL,'2569-01-01'),(509,53,5,25,43.1875,NULL,'2569-01-01'),(510,53,6,25,24.6786,NULL,'2569-01-01'),(511,53,7,25,28.3804,NULL,'2569-01-01'),(512,53,8,25,32.0822,NULL,'2569-01-01'),(513,53,10,25,39.4857,NULL,'2569-01-01'),(514,53,11,25,43.1875,NULL,'2569-01-01'),(515,53,12,25,24.6786,NULL,'2569-01-01'),(516,53,13,25,28.3804,NULL,'2569-01-01'),(517,53,14,25,32.0822,NULL,'2569-01-01'),(518,53,15,25,35.7839,NULL,'2569-01-01'),(519,53,16,25,39.4857,NULL,'2569-01-01'),(520,53,17,25,43.1875,NULL,'2569-01-01'),(521,53,18,25,24.6786,NULL,'2569-01-01'),(522,53,19,25,28.3804,NULL,'2569-01-01'),(523,54,1,25,28.3804,NULL,'2569-01-01'),(524,54,2,25,32.0822,NULL,'2569-01-01'),(525,54,3,25,35.7839,NULL,'2569-01-01'),(526,54,4,25,39.4857,NULL,'2569-01-01'),(527,54,5,25,43.1875,NULL,'2569-01-01'),(528,54,6,25,24.6786,NULL,'2569-01-01'),(529,54,7,25,28.3804,NULL,'2569-01-01'),(530,54,8,25,32.0822,NULL,'2569-01-01'),(531,54,10,25,39.4857,NULL,'2569-01-01'),(532,54,11,25,43.1875,NULL,'2569-01-01'),(533,54,12,25,24.6786,NULL,'2569-01-01'),(534,54,13,25,28.3804,NULL,'2569-01-01'),(535,54,14,25,32.0822,NULL,'2569-01-01'),(536,54,15,25,35.7839,NULL,'2569-01-01'),(537,54,16,25,39.4857,NULL,'2569-01-01'),(538,54,17,25,43.1875,NULL,'2569-01-01'),(539,54,18,25,24.6786,NULL,'2569-01-01'),(540,54,19,25,28.3804,NULL,'2569-01-01'),(541,55,1,25,11.3521,NULL,'2569-01-01'),(542,55,2,25,12.8329,NULL,'2569-01-01'),(543,55,3,25,14.3136,NULL,'2569-01-01'),(544,55,4,25,15.7943,NULL,'2569-01-01'),(545,55,5,25,17.2750,NULL,'2569-01-01'),(546,55,6,25,9.8714,NULL,'2569-01-01'),(547,55,7,25,11.3521,NULL,'2569-01-01'),(548,55,8,25,12.8329,NULL,'2569-01-01'),(549,55,10,25,15.7943,NULL,'2569-01-01'),(550,55,11,25,17.2750,NULL,'2569-01-01'),(551,55,12,25,9.8714,NULL,'2569-01-01'),(552,55,13,25,11.3521,NULL,'2569-01-01'),(553,55,14,25,12.8329,NULL,'2569-01-01'),(554,55,15,25,14.3136,NULL,'2569-01-01'),(555,55,16,25,15.7943,NULL,'2569-01-01'),(556,55,17,25,17.2750,NULL,'2569-01-01'),(557,55,18,25,9.8714,NULL,'2569-01-01'),(558,55,19,25,11.3521,NULL,'2569-01-01'),(559,56,1,25,28.3804,NULL,'2569-01-01'),(560,56,2,25,32.0822,NULL,'2569-01-01'),(561,56,3,25,35.7839,NULL,'2569-01-01'),(562,56,4,25,39.4857,NULL,'2569-01-01'),(563,56,5,25,43.1875,NULL,'2569-01-01'),(564,56,6,25,24.6786,NULL,'2569-01-01'),(565,56,7,25,28.3804,NULL,'2569-01-01'),(566,56,8,25,32.0822,NULL,'2569-01-01'),(567,56,10,25,39.4857,NULL,'2569-01-01'),(568,56,11,25,43.1875,NULL,'2569-01-01'),(569,56,12,25,24.6786,NULL,'2569-01-01'),(570,56,13,25,28.3804,NULL,'2569-01-01'),(571,56,14,25,32.0822,NULL,'2569-01-01'),(572,56,15,25,35.7839,NULL,'2569-01-01'),(573,56,16,25,39.4857,NULL,'2569-01-01'),(574,56,17,25,43.1875,NULL,'2569-01-01'),(575,56,18,25,24.6786,NULL,'2569-01-01'),(576,56,19,25,28.3804,NULL,'2569-01-01'),(577,57,1,25,567.6074,NULL,'2569-01-01'),(578,57,2,25,641.6431,NULL,'2569-01-01'),(579,57,3,25,715.6788,NULL,'2569-01-01'),(580,57,4,25,789.7146,NULL,'2569-01-01'),(581,57,5,25,863.7503,NULL,'2569-01-01'),(582,57,6,25,493.5716,NULL,'2569-01-01'),(583,57,7,25,567.6074,NULL,'2569-01-01'),(584,57,8,25,641.6431,NULL,'2569-01-01'),(585,57,10,25,789.7146,NULL,'2569-01-01'),(586,57,11,25,863.7503,NULL,'2569-01-01'),(587,57,12,25,493.5716,NULL,'2569-01-01'),(588,57,13,25,567.6074,NULL,'2569-01-01'),(589,57,14,25,641.6431,NULL,'2569-01-01'),(590,57,15,25,715.6788,NULL,'2569-01-01'),(591,57,16,25,789.7146,NULL,'2569-01-01'),(592,57,17,25,863.7503,NULL,'2569-01-01'),(593,57,18,25,493.5716,NULL,'2569-01-01'),(594,57,19,25,567.6074,NULL,'2569-01-01'),(595,58,1,25,567.6074,NULL,'2569-01-01'),(596,58,2,25,641.6431,NULL,'2569-01-01'),(597,58,3,25,715.6788,NULL,'2569-01-01'),(598,58,4,25,789.7146,NULL,'2569-01-01'),(599,58,5,25,863.7503,NULL,'2569-01-01'),(600,58,6,25,493.5716,NULL,'2569-01-01'),(601,58,7,25,567.6074,NULL,'2569-01-01'),(602,58,8,25,641.6431,NULL,'2569-01-01'),(603,58,10,25,789.7146,NULL,'2569-01-01'),(604,58,11,25,863.7503,NULL,'2569-01-01'),(605,58,12,25,493.5716,NULL,'2569-01-01'),(606,58,13,25,567.6074,NULL,'2569-01-01'),(607,58,14,25,641.6431,NULL,'2569-01-01'),(608,58,15,25,715.6788,NULL,'2569-01-01'),(609,58,16,25,789.7146,NULL,'2569-01-01'),(610,58,17,25,863.7503,NULL,'2569-01-01'),(611,58,18,25,493.5716,NULL,'2569-01-01'),(612,58,19,25,567.6074,NULL,'2569-01-01'),(613,59,1,25,567.6074,NULL,'2569-01-01'),(614,59,2,25,641.6431,NULL,'2569-01-01'),(615,59,3,25,715.6788,NULL,'2569-01-01'),(616,59,4,25,789.7146,NULL,'2569-01-01'),(617,59,5,25,863.7503,NULL,'2569-01-01'),(618,59,6,25,493.5716,NULL,'2569-01-01'),(619,59,7,25,567.6074,NULL,'2569-01-01'),(620,59,8,25,641.6431,NULL,'2569-01-01'),(621,59,10,25,789.7146,NULL,'2569-01-01'),(622,59,11,25,863.7503,NULL,'2569-01-01'),(623,59,12,25,493.5716,NULL,'2569-01-01'),(624,59,13,25,567.6074,NULL,'2569-01-01'),(625,59,14,25,641.6431,NULL,'2569-01-01'),(626,59,15,25,715.6788,NULL,'2569-01-01'),(627,59,16,25,789.7146,NULL,'2569-01-01'),(628,59,17,25,863.7503,NULL,'2569-01-01'),(629,59,18,25,493.5716,NULL,'2569-01-01'),(630,59,19,25,567.6074,NULL,'2569-01-01'),(631,60,1,25,567.6074,NULL,'2569-01-01'),(632,60,2,25,641.6431,NULL,'2569-01-01'),(633,60,3,25,715.6788,NULL,'2569-01-01'),(634,60,4,25,789.7146,NULL,'2569-01-01'),(635,60,5,25,863.7503,NULL,'2569-01-01'),(636,60,6,25,493.5716,NULL,'2569-01-01'),(637,60,7,25,567.6074,NULL,'2569-01-01'),(638,60,8,25,641.6431,NULL,'2569-01-01'),(639,60,10,25,789.7146,NULL,'2569-01-01'),(640,60,11,25,863.7503,NULL,'2569-01-01'),(641,60,12,25,493.5716,NULL,'2569-01-01'),(642,60,13,25,567.6074,NULL,'2569-01-01'),(643,60,14,25,641.6431,NULL,'2569-01-01'),(644,60,15,25,715.6788,NULL,'2569-01-01'),(645,60,16,25,789.7146,NULL,'2569-01-01'),(646,60,17,25,863.7503,NULL,'2569-01-01'),(647,60,18,25,493.5716,NULL,'2569-01-01'),(648,60,19,25,567.6074,NULL,'2569-01-01'),(649,61,1,25,567.6074,NULL,'2569-01-01'),(650,61,2,25,641.6431,NULL,'2569-01-01'),(651,61,3,25,715.6788,NULL,'2569-01-01'),(652,61,4,25,789.7146,NULL,'2569-01-01'),(653,61,5,25,863.7503,NULL,'2569-01-01'),(654,61,6,25,493.5716,NULL,'2569-01-01'),(655,61,7,25,567.6074,NULL,'2569-01-01'),(656,61,8,25,641.6431,NULL,'2569-01-01'),(657,61,10,25,789.7146,NULL,'2569-01-01'),(658,61,11,25,863.7503,NULL,'2569-01-01'),(659,61,12,25,493.5716,NULL,'2569-01-01'),(660,61,13,25,567.6074,NULL,'2569-01-01'),(661,61,14,25,641.6431,NULL,'2569-01-01'),(662,61,15,25,715.6788,NULL,'2569-01-01'),(663,61,16,25,789.7146,NULL,'2569-01-01'),(664,61,17,25,863.7503,NULL,'2569-01-01'),(665,61,18,25,493.5716,NULL,'2569-01-01'),(666,61,19,25,567.6074,NULL,'2569-01-01'),(667,62,1,25,567.6074,NULL,'2569-01-01'),(668,62,2,25,641.6431,NULL,'2569-01-01'),(669,62,3,25,715.6788,NULL,'2569-01-01'),(670,62,4,25,789.7146,NULL,'2569-01-01'),(671,62,5,25,863.7503,NULL,'2569-01-01'),(672,62,6,25,493.5716,NULL,'2569-01-01'),(673,62,7,25,567.6074,NULL,'2569-01-01'),(674,62,8,25,641.6431,NULL,'2569-01-01'),(675,62,10,25,789.7146,NULL,'2569-01-01'),(676,62,11,25,863.7503,NULL,'2569-01-01'),(677,62,12,25,493.5716,NULL,'2569-01-01'),(678,62,13,25,567.6074,NULL,'2569-01-01'),(679,62,14,25,641.6431,NULL,'2569-01-01'),(680,62,15,25,715.6788,NULL,'2569-01-01'),(681,62,16,25,789.7146,NULL,'2569-01-01'),(682,62,17,25,863.7503,NULL,'2569-01-01'),(683,62,18,25,493.5716,NULL,'2569-01-01'),(684,62,19,25,567.6074,NULL,'2569-01-01'),(685,63,1,25,567.6074,NULL,'2569-01-01'),(686,63,2,25,641.6431,NULL,'2569-01-01'),(687,63,3,25,715.6788,NULL,'2569-01-01'),(688,63,4,25,789.7146,NULL,'2569-01-01'),(689,63,5,25,863.7503,NULL,'2569-01-01'),(690,63,6,25,493.5716,NULL,'2569-01-01'),(691,63,7,25,567.6074,NULL,'2569-01-01'),(692,63,8,25,641.6431,NULL,'2569-01-01'),(693,63,10,25,789.7146,NULL,'2569-01-01'),(694,63,11,25,863.7503,NULL,'2569-01-01'),(695,63,12,25,493.5716,NULL,'2569-01-01'),(696,63,13,25,567.6074,NULL,'2569-01-01'),(697,63,14,25,641.6431,NULL,'2569-01-01'),(698,63,15,25,715.6788,NULL,'2569-01-01'),(699,63,16,25,789.7146,NULL,'2569-01-01'),(700,63,17,25,863.7503,NULL,'2569-01-01'),(701,63,18,25,493.5716,NULL,'2569-01-01'),(702,63,19,25,567.6074,NULL,'2569-01-01'),(703,64,1,25,28.3804,NULL,'2569-01-01'),(704,64,2,25,32.0822,NULL,'2569-01-01'),(705,64,3,25,35.7839,NULL,'2569-01-01'),(706,64,4,25,39.4857,NULL,'2569-01-01'),(707,64,5,25,43.1875,NULL,'2569-01-01'),(708,64,6,25,24.6786,NULL,'2569-01-01'),(709,64,7,25,28.3804,NULL,'2569-01-01'),(710,64,8,25,32.0822,NULL,'2569-01-01'),(711,64,10,25,39.4857,NULL,'2569-01-01'),(712,64,11,25,43.1875,NULL,'2569-01-01'),(713,64,12,25,24.6786,NULL,'2569-01-01'),(714,64,13,25,28.3804,NULL,'2569-01-01'),(715,64,14,25,32.0822,NULL,'2569-01-01'),(716,64,15,25,35.7839,NULL,'2569-01-01'),(717,64,16,25,39.4857,NULL,'2569-01-01'),(718,64,17,25,43.1875,NULL,'2569-01-01'),(719,64,18,25,24.6786,NULL,'2569-01-01'),(720,64,19,25,28.3804,NULL,'2569-01-01'),(721,65,1,25,28.3804,NULL,'2569-01-01'),(722,65,2,25,32.0822,NULL,'2569-01-01'),(723,65,3,25,35.7839,NULL,'2569-01-01'),(724,65,4,25,39.4857,NULL,'2569-01-01'),(725,65,5,25,43.1875,NULL,'2569-01-01'),(726,65,6,25,24.6786,NULL,'2569-01-01'),(727,65,7,25,28.3804,NULL,'2569-01-01'),(728,65,8,25,32.0822,NULL,'2569-01-01'),(729,65,10,25,39.4857,NULL,'2569-01-01'),(730,65,11,25,43.1875,NULL,'2569-01-01'),(731,65,12,25,24.6786,NULL,'2569-01-01'),(732,65,13,25,28.3804,NULL,'2569-01-01'),(733,65,14,25,32.0822,NULL,'2569-01-01'),(734,65,15,25,35.7839,NULL,'2569-01-01'),(735,65,16,25,39.4857,NULL,'2569-01-01'),(736,65,17,25,43.1875,NULL,'2569-01-01'),(737,65,18,25,24.6786,NULL,'2569-01-01'),(738,65,19,25,28.3804,NULL,'2569-01-01'),(739,66,1,25,2838.0368,NULL,'2569-01-01'),(740,66,2,25,3208.2155,NULL,'2569-01-01'),(741,66,3,25,3578.3942,NULL,'2569-01-01'),(742,66,4,25,3948.5730,NULL,'2569-01-01'),(743,66,5,25,4318.7517,NULL,'2569-01-01'),(744,66,6,25,2467.8581,NULL,'2569-01-01'),(745,66,7,25,2838.0368,NULL,'2569-01-01'),(746,66,8,25,3208.2155,NULL,'2569-01-01'),(747,66,10,25,3948.5730,NULL,'2569-01-01'),(748,66,11,25,4318.7517,NULL,'2569-01-01'),(749,66,12,25,2467.8581,NULL,'2569-01-01'),(750,66,13,25,2838.0368,NULL,'2569-01-01'),(751,66,14,25,3208.2155,NULL,'2569-01-01'),(752,66,15,25,3578.3942,NULL,'2569-01-01'),(753,66,16,25,3948.5730,NULL,'2569-01-01'),(754,66,17,25,4318.7517,NULL,'2569-01-01'),(755,66,18,25,2467.8581,NULL,'2569-01-01'),(756,66,19,25,2838.0368,NULL,'2569-01-01'),(757,67,1,25,2838.0368,NULL,'2569-01-01'),(758,67,2,25,3208.2155,NULL,'2569-01-01'),(759,67,3,25,3578.3942,NULL,'2569-01-01'),(760,67,4,25,3948.5730,NULL,'2569-01-01'),(761,67,5,25,4318.7517,NULL,'2569-01-01'),(762,67,6,25,2467.8581,NULL,'2569-01-01'),(763,67,7,25,2838.0368,NULL,'2569-01-01'),(764,67,8,25,3208.2155,NULL,'2569-01-01'),(765,67,10,25,3948.5730,NULL,'2569-01-01'),(766,67,11,25,4318.7517,NULL,'2569-01-01'),(767,67,12,25,2467.8581,NULL,'2569-01-01'),(768,67,13,25,2838.0368,NULL,'2569-01-01'),(769,67,14,25,3208.2155,NULL,'2569-01-01'),(770,67,15,25,3578.3942,NULL,'2569-01-01'),(771,67,16,25,3948.5730,NULL,'2569-01-01'),(772,67,17,25,4318.7517,NULL,'2569-01-01'),(773,67,18,25,2467.8581,NULL,'2569-01-01'),(774,67,19,25,2838.0368,NULL,'2569-01-01'),(775,68,1,25,2838.0368,NULL,'2569-01-01'),(776,68,2,25,3208.2155,NULL,'2569-01-01'),(777,68,3,25,3578.3942,NULL,'2569-01-01'),(778,68,4,25,3948.5730,NULL,'2569-01-01'),(779,68,5,25,4318.7517,NULL,'2569-01-01'),(780,68,6,25,2467.8581,NULL,'2569-01-01'),(781,68,7,25,2838.0368,NULL,'2569-01-01'),(782,68,8,25,3208.2155,NULL,'2569-01-01'),(783,68,10,25,3948.5730,NULL,'2569-01-01'),(784,68,11,25,4318.7517,NULL,'2569-01-01'),(785,68,12,25,2467.8581,NULL,'2569-01-01'),(786,68,13,25,2838.0368,NULL,'2569-01-01'),(787,68,14,25,3208.2155,NULL,'2569-01-01'),(788,68,15,25,3578.3942,NULL,'2569-01-01'),(789,68,16,25,3948.5730,NULL,'2569-01-01'),(790,68,17,25,4318.7517,NULL,'2569-01-01'),(791,68,18,25,2467.8581,NULL,'2569-01-01'),(792,68,19,25,2838.0368,NULL,'2569-01-01'),(793,69,1,25,567.6074,NULL,'2569-01-01'),(794,69,2,25,641.6431,NULL,'2569-01-01'),(795,69,3,25,715.6788,NULL,'2569-01-01'),(796,69,4,25,789.7146,NULL,'2569-01-01'),(797,69,5,25,863.7503,NULL,'2569-01-01'),(798,69,6,25,493.5716,NULL,'2569-01-01'),(799,69,7,25,567.6074,NULL,'2569-01-01'),(800,69,8,25,641.6431,NULL,'2569-01-01'),(801,69,10,25,789.7146,NULL,'2569-01-01'),(802,69,11,25,863.7503,NULL,'2569-01-01'),(803,69,12,25,493.5716,NULL,'2569-01-01'),(804,69,13,25,567.6074,NULL,'2569-01-01'),(805,69,14,25,641.6431,NULL,'2569-01-01'),(806,69,15,25,715.6788,NULL,'2569-01-01'),(807,69,16,25,789.7146,NULL,'2569-01-01'),(808,69,17,25,863.7503,NULL,'2569-01-01'),(809,69,18,25,493.5716,NULL,'2569-01-01'),(810,69,19,25,567.6074,NULL,'2569-01-01'),(811,70,1,25,567.6074,NULL,'2569-01-01'),(812,70,2,25,641.6431,NULL,'2569-01-01'),(813,70,3,25,715.6788,NULL,'2569-01-01'),(814,70,4,25,789.7146,NULL,'2569-01-01'),(815,70,5,25,863.7503,NULL,'2569-01-01'),(816,70,6,25,493.5716,NULL,'2569-01-01'),(817,70,7,25,567.6074,NULL,'2569-01-01'),(818,70,8,25,641.6431,NULL,'2569-01-01'),(819,70,10,25,789.7146,NULL,'2569-01-01'),(820,70,11,25,863.7503,NULL,'2569-01-01'),(821,70,12,25,493.5716,NULL,'2569-01-01'),(822,70,13,25,567.6074,NULL,'2569-01-01'),(823,70,14,25,641.6431,NULL,'2569-01-01'),(824,70,15,25,715.6788,NULL,'2569-01-01'),(825,70,16,25,789.7146,NULL,'2569-01-01'),(826,70,17,25,863.7503,NULL,'2569-01-01'),(827,70,18,25,493.5716,NULL,'2569-01-01'),(828,70,19,25,567.6074,NULL,'2569-01-01'),(829,71,1,25,28.3804,NULL,'2569-01-01'),(830,71,2,25,32.0822,NULL,'2569-01-01'),(831,71,3,25,35.7839,NULL,'2569-01-01'),(832,71,4,25,39.4857,NULL,'2569-01-01'),(833,71,5,25,43.1875,NULL,'2569-01-01'),(834,71,6,25,24.6786,NULL,'2569-01-01'),(835,71,7,25,28.3804,NULL,'2569-01-01'),(836,71,8,25,32.0822,NULL,'2569-01-01'),(837,71,10,25,39.4857,NULL,'2569-01-01'),(838,71,11,25,43.1875,NULL,'2569-01-01'),(839,71,12,25,24.6786,NULL,'2569-01-01'),(840,71,13,25,28.3804,NULL,'2569-01-01'),(841,71,14,25,32.0822,NULL,'2569-01-01'),(842,71,15,25,35.7839,NULL,'2569-01-01'),(843,71,16,25,39.4857,NULL,'2569-01-01'),(844,71,17,25,43.1875,NULL,'2569-01-01'),(845,71,18,25,24.6786,NULL,'2569-01-01'),(846,71,19,25,28.3804,NULL,'2569-01-01'),(847,72,1,25,28.3804,NULL,'2569-01-01'),(848,72,2,25,32.0822,NULL,'2569-01-01'),(849,72,3,25,35.7839,NULL,'2569-01-01'),(850,72,4,25,39.4857,NULL,'2569-01-01'),(851,72,5,25,43.1875,NULL,'2569-01-01'),(852,72,6,25,24.6786,NULL,'2569-01-01'),(853,72,7,25,28.3804,NULL,'2569-01-01'),(854,72,8,25,32.0822,NULL,'2569-01-01'),(855,72,10,25,39.4857,NULL,'2569-01-01'),(856,72,11,25,43.1875,NULL,'2569-01-01'),(857,72,12,25,24.6786,NULL,'2569-01-01'),(858,72,13,25,28.3804,NULL,'2569-01-01'),(859,72,14,25,32.0822,NULL,'2569-01-01'),(860,72,15,25,35.7839,NULL,'2569-01-01'),(861,72,16,25,39.4857,NULL,'2569-01-01'),(862,72,17,25,43.1875,NULL,'2569-01-01'),(863,72,18,25,24.6786,NULL,'2569-01-01'),(864,72,19,25,28.3804,NULL,'2569-01-01'),(865,73,1,25,2838.0368,NULL,'2569-01-01'),(866,73,2,25,3208.2155,NULL,'2569-01-01'),(867,73,3,25,3578.3942,NULL,'2569-01-01'),(868,73,4,25,3948.5730,NULL,'2569-01-01'),(869,73,5,25,4318.7517,NULL,'2569-01-01'),(870,73,6,25,2467.8581,NULL,'2569-01-01'),(871,73,7,25,2838.0368,NULL,'2569-01-01'),(872,73,8,25,3208.2155,NULL,'2569-01-01'),(873,73,10,25,3948.5730,NULL,'2569-01-01'),(874,73,11,25,4318.7517,NULL,'2569-01-01'),(875,73,12,25,2467.8581,NULL,'2569-01-01'),(876,73,13,25,2838.0368,NULL,'2569-01-01'),(877,73,14,25,3208.2155,NULL,'2569-01-01'),(878,73,15,25,3578.3942,NULL,'2569-01-01'),(879,73,16,25,3948.5730,NULL,'2569-01-01'),(880,73,17,25,4318.7517,NULL,'2569-01-01'),(881,73,18,25,2467.8581,NULL,'2569-01-01'),(882,73,19,25,2838.0368,NULL,'2569-01-01'),(883,74,1,25,2838.0368,NULL,'2569-01-01'),(884,74,2,25,3208.2155,NULL,'2569-01-01'),(885,74,3,25,3578.3942,NULL,'2569-01-01'),(886,74,4,25,3948.5730,NULL,'2569-01-01'),(887,74,5,25,4318.7517,NULL,'2569-01-01'),(888,74,6,25,2467.8581,NULL,'2569-01-01'),(889,74,7,25,2838.0368,NULL,'2569-01-01'),(890,74,8,25,3208.2155,NULL,'2569-01-01'),(891,74,10,25,3948.5730,NULL,'2569-01-01'),(892,74,11,25,4318.7517,NULL,'2569-01-01'),(893,74,12,25,2467.8581,NULL,'2569-01-01'),(894,74,13,25,2838.0368,NULL,'2569-01-01'),(895,74,14,25,3208.2155,NULL,'2569-01-01'),(896,74,15,25,3578.3942,NULL,'2569-01-01'),(897,74,16,25,3948.5730,NULL,'2569-01-01'),(898,74,17,25,4318.7517,NULL,'2569-01-01'),(899,74,18,25,2467.8581,NULL,'2569-01-01'),(900,74,19,25,2838.0368,NULL,'2569-01-01'),(901,75,1,25,2838.0368,NULL,'2569-01-01'),(902,75,2,25,3208.2155,NULL,'2569-01-01'),(903,75,3,25,3578.3942,NULL,'2569-01-01'),(904,75,4,25,3948.5730,NULL,'2569-01-01'),(905,75,5,25,4318.7517,NULL,'2569-01-01'),(906,75,6,25,2467.8581,NULL,'2569-01-01'),(907,75,7,25,2838.0368,NULL,'2569-01-01'),(908,75,8,25,3208.2155,NULL,'2569-01-01'),(909,75,10,25,3948.5730,NULL,'2569-01-01'),(910,75,11,25,4318.7517,NULL,'2569-01-01'),(911,75,12,25,2467.8581,NULL,'2569-01-01'),(912,75,13,25,2838.0368,NULL,'2569-01-01'),(913,75,14,25,3208.2155,NULL,'2569-01-01'),(914,75,15,25,3578.3942,NULL,'2569-01-01'),(915,75,16,25,3948.5730,NULL,'2569-01-01'),(916,75,17,25,4318.7517,NULL,'2569-01-01'),(917,75,18,25,2467.8581,NULL,'2569-01-01'),(918,75,19,25,2838.0368,NULL,'2569-01-01');
/*!40000 ALTER TABLE `user_item` ENABLE KEYS */;
UNLOCK TABLES;

--
-- Table structure for table `user_item_evidence`
--

DROP TABLE IF EXISTS `user_item_evidence`;
/*!40101 SET @saved_cs_client     = @@character_set_client */;
/*!40101 SET character_set_client = utf8 */;
CREATE TABLE `user_item_evidence` (
  `id` int(11) NOT NULL AUTO_INCREMENT,
  `user_item_id` int(11) NOT NULL,
  `file_path` varchar(255) NOT NULL,
  `file_type` varchar(255) DEFAULT NULL,
  `created_at` timestamp NOT NULL DEFAULT current_timestamp(),
  PRIMARY KEY (`id`),
  KEY `user_item_id` (`user_item_id`),
  CONSTRAINT `user_item_evidence_ibfk_1` FOREIGN KEY (`user_item_id`) REFERENCES `user_item` (`id`) ON DELETE CASCADE
) ENGINE=InnoDB AUTO_INCREMENT=16 DEFAULT CHARSET=utf8mb4 COLLATE=utf8mb4_general_ci;
/*!40101 SET character_set_client = @saved_cs_client */;

--
-- Dumping data for table `user_item_evidence`
--

LOCK TABLES `user_item_evidence` WRITE;
/*!40000 ALTER TABLE `user_item_evidence` DISABLE KEYS */;
/*!40000 ALTER TABLE `user_item_evidence` ENABLE KEYS */;
UNLOCK TABLES;

--
-- Table structure for table `users`
--

DROP TABLE IF EXISTS `users`;
/*!40101 SET @saved_cs_client     = @@character_set_client */;
/*!40101 SET character_set_client = utf8 */;
CREATE TABLE `users` (
  `id` int(11) NOT NULL AUTO_INCREMENT,
  `username` varchar(50) NOT NULL,
  `password` varchar(50) NOT NULL,
  `firstname` varchar(100) NOT NULL,
  `lastname` varchar(100) NOT NULL,
  `role` enum('admin','user','user_n') DEFAULT NULL,
  `profile_image` varchar(255) DEFAULT NULL,
  `Affiliation` int(11) NOT NULL,
  `created_at` timestamp NULL DEFAULT current_timestamp(),
  `email` varchar(255) DEFAULT NULL,
  `position` varchar(255) DEFAULT NULL,
  PRIMARY KEY (`id`),
  UNIQUE KEY `username` (`username`),
  UNIQUE KEY `email` (`email`),
  KEY `fk_affiliation` (`Affiliation`),
  CONSTRAINT `fk_affiliation` FOREIGN KEY (`Affiliation`) REFERENCES `affiliation_id` (`id`) ON UPDATE CASCADE
) ENGINE=InnoDB AUTO_INCREMENT=37 DEFAULT CHARSET=utf8mb4 COLLATE=utf8mb4_general_ci;
/*!40101 SET character_set_client = @saved_cs_client */;

--
-- Dumping data for table `users`
--

LOCK TABLES `users` WRITE;
/*!40000 ALTER TABLE `users` DISABLE KEYS */;
INSERT INTO `users` VALUES (1,'user1','1234','nook','nick','admin','user_1_1775361536.jpg',1,'2025-12-31 04:21:58','kama@gmail.com',NULL),(2,'user2','1234','Douyin','Girl','user','user_2_1776760895.webp',19,'2026-01-15 17:03:32','koomi2@gmail.com',NULL),(5,'user3','1234','Dojima','Kimon','user',NULL,1,'2026-04-21 07:27:29','Dojima@gmail.com',NULL),(6,'user_aff2','1234','เจ้าหน้าที่','คณะเทคโนโลยีสารสนเทศและการสื่อสาร','user',NULL,2,'2026-06-29 19:05:55','user_aff2@up.ac.th',NULL),(7,'user_aff3','1234','เจ้าหน้าที่','คณะเกษตรศาสตร์และทรัพยากรธรรมชาติ','user',NULL,3,'2026-06-29 19:05:55','user_aff3@up.ac.th',NULL),(8,'user_aff4','1234','เจ้าหน้าที่','คณะนิติศาสตร์','user',NULL,4,'2026-06-29 19:05:55','user_aff4@up.ac.th',NULL),(9,'user_aff5','1234','เจ้าหน้าที่','คณะพลังงานและสิ่งแวดล้อม','user',NULL,5,'2026-06-29 19:05:55','user_aff5@up.ac.th',NULL),(10,'user_aff6','1234','เจ้าหน้าที่','คณะพยาบาลศาสตร์','user',NULL,6,'2026-06-29 19:05:55','user_aff6@up.ac.th',NULL),(11,'user_aff7','1234','เจ้าหน้าที่','คณะวิศวกรรมศาสตร์','user',NULL,7,'2026-06-29 19:05:55','user_aff7@up.ac.th',NULL),(12,'user_aff8','1234','เจ้าหน้าที่','คณะสาธารณสุขศาสตร์','user',NULL,8,'2026-06-29 19:05:55','user_aff8@up.ac.th',NULL),(13,'user_aff10','1234','เจ้าหน้าที่','คณะบริหารธุรกิจและนิเทศศาสตร์','user',NULL,10,'2026-06-29 19:05:55','user_aff10@up.ac.th',NULL),(14,'user_aff11','1234','เจ้าหน้าที่','คณะแพทยศาสตร์','user',NULL,11,'2026-06-29 19:05:55','user_aff11@up.ac.th',NULL),(15,'user_aff12','1234','เจ้าหน้าที่','คณะวิทยาศาสตร์','user',NULL,12,'2026-06-29 19:05:55','user_aff12@up.ac.th',NULL),(16,'user_aff13','1234','เจ้าหน้าที่','คณะสถาปัตยกรรมศาสตร์และศิลปกรรมศาสตร์','user',NULL,13,'2026-06-29 19:05:55','user_aff13@up.ac.th',NULL),(17,'user_aff14','1234','เจ้าหน้าที่','คณะศิลปศาสตร์','user',NULL,14,'2026-06-29 19:05:55','user_aff14@up.ac.th',NULL),(18,'user_aff15','1234','เจ้าหน้าที่','คณะทันตแพทยศาสตร์','user',NULL,15,'2026-06-29 19:05:55','user_aff15@up.ac.th',NULL),(19,'user_aff16','1234','เจ้าหน้าที่','คณะเภสัชศาสตร์','user',NULL,16,'2026-06-29 19:05:55','user_aff16@up.ac.th',NULL),(20,'user_aff17','1234','เจ้าหน้าที่','คณะวิทยาศาสตร์การแพทย์','user',NULL,17,'2026-06-29 19:05:55','user_aff17@up.ac.th',NULL),(21,'user_aff18','1234','เจ้าหน้าที่','คณะสหเวชศาสตร์','user',NULL,18,'2026-06-29 19:05:55','user_aff18@up.ac.th',NULL),(22,'dean1','1234','คณบดี','ทดสอบ','user_n',NULL,1,'2026-07-05 00:00:00','dean1@up.ac.th',NULL);
/*!40000 ALTER TABLE `users` ENABLE KEYS */;
UNLOCK TABLES;
/*!40103 SET TIME_ZONE=@OLD_TIME_ZONE */;

/*!40101 SET SQL_MODE=@OLD_SQL_MODE */;
/*!40014 SET FOREIGN_KEY_CHECKS=@OLD_FOREIGN_KEY_CHECKS */;
/*!40014 SET UNIQUE_CHECKS=@OLD_UNIQUE_CHECKS */;
/*!40111 SET SQL_NOTES=@OLD_SQL_NOTES */;

-- Dump completed on 2026-06-30  2:06:28
